path,source_commit,source_branch,claims,source_git_blob_sha,consolidated_git_blob_sha,sha256,byte_count
"experiments/paired_acquisition/build_unified_separation_scoreboard.py","1c5276978d2d5e83619c88684c9e02df3688d6e3","experiment/unified-separation-scoreboard","2;3;4","2fdf5379b904d2ee83dca11387675de1f9961f08","2fdf5379b904d2ee83dca11387675de1f9961f08","86629df45ef99627b5e7c11329c62023370c2f4789827e403f22bd0539f049dc","29208"
"experiments/paired_acquisition/run_acquisition_bottleneck_separation_frontier.py","a89bfb32977dc723ef895f150ab4ae720a345ac5","experiment/acquisition-bottleneck-separation-frontier","4","13cf1dd2428d03b45fac2073b5c4c94215941e64","13cf1dd2428d03b45fac2073b5c4c94215941e64","3f92249a9e2f4102d38511ead495dc20d08d49a78e75cd5e83a0c14b4d253d5d","46851"
"experiments/paired_acquisition/run_acquisition_branch_audit.py","3e5bf19e420abfcb9a95c517407cba636b9f126d","experiment/acquisition-branch-audit","2","0d5b1a9d6532166606a564ad7652a7ca3904a8d0","0d5b1a9d6532166606a564ad7652a7ca3904a8d0","e6e23e494237e41e06434fb966660dd861631a1522f844e82d8ab4af0f0da9a9","29272"
"experiments/paired_acquisition/run_acquisition_factor_swapping_audit.py","aa8d0596dfe5f4be650d034ed80fca76fc337116","experiment/acquisition-factor-swapping-audit","5","e5b65a322ff06771e49adaea83ca2dc392ed7766","e5b65a322ff06771e49adaea83ca2dc392ed7766","1345bddb4bd25e479b76b8da0959b5d0dee0d36a224db3c14018715915236f44","66964"
"experiments/paired_acquisition/run_biological_label_preservation_audit.py","bec06eb47e14ca3317efae7b74c3399615aa0d13","experiment/biological-label-preservation-audit","1;2","747d461b3766cc74873d27157d32bfd87db599e7","747d461b3766cc74873d27157d32bfd87db599e7","1899045247f302f5134e19ab82b9658acc78f5138a54a7be3752b38298ab639f","35929"
"experiments/paired_acquisition/run_frontier_selected_crossbackbone_validation.py","0e2af24730a0a298fbf0363dfbab7682dc65a1af","experiment/frontier-selected-crossbackbone-validation","4","9ecff5167e41bf2403e9d5cb839c6b7322c2c3f2","9ecff5167e41bf2403e9d5cb839c6b7322c2c3f2","5fc28f5fb8d7484f7ea520d52bba7452f30ac1c8b206696ceaa9672ab985a8ad","34207"
"experiments/paired_acquisition/run_frontier_selected_downstream_validation.py","c29a038debf9df709d6ce10ad4c63e510556b083","experiment/frontier-selected-downstream-validation","4","30444f0e97bb552cd3fd0b26e3de5c3490dd518f","30444f0e97bb552cd3fd0b26e3de5c3490dd518f","bd02e93d0ab76cbd16f539905c202c232bf5ebc8f7dd2d8ef6f340f09a6ccb50","41207"
"experiments/paired_acquisition/run_linear_baseline_consistency_audit.py","a325c009254bd2c220297e482203dd9a252728a6","experiment/linear-baseline-consistency-audit","3","35fb51bdc061353fdffe30e7113da2dfe1b17e0f","35fb51bdc061353fdffe30e7113da2dfe1b17e0f","feeda27602be9516f46307f31e2d507e46217fe08433073dafa5301b8a3c92b9","26363"
"experiments/paired_acquisition/run_linear_residual_branch_separation_audit.py","ec2a509f19e5c4a1fb59c3e49486a022db03191c","experiment/linear-baseline-consistency-audit","2;3","d64941712ba822ed3d6da18b3bec5d307f3a04d6","d64941712ba822ed3d6da18b3bec5d307f3a04d6","9cad7f0efa725db3ea8c9a09b4b0bfc3f248e388e54eb64b20576d07768d8d4b","46865"
"experiments/paired_acquisition/run_oldstyle_residual_branch_separation_audit.py","3450ede25d374495ea73fe2d41b1e365e8b5b5a7","experiment/oldstyle-residual-branch-separation-audit","2;3","698c7732d2fa0133c929d5ae05bf0428d38ac0c1","698c7732d2fa0133c929d5ae05bf0428d38ac0c1","0480b7e9356cffb8e50041730143a6261cecf2a6ab5a938cfb8a2aa64493f1f2","45088"
"experiments/paired_acquisition/run_pair_structure_boundary_test.py","d018c924757c90a56ab5d515c4ecc02110286df6","experiment/pair-structure-boundary-crossbackbone","1","cb1dca9eb42a43a427f6ad201c370c04fb8cffcc","cb1dca9eb42a43a427f6ad201c370c04fb8cffcc","3fce0807ed9f9b1c456f48aa8cae7837ea5cd5caa823dd265981fe733568adab","56236"
"experiments/paired_acquisition/run_sample_subset_disjoint_scanner_heldout_transfer_audit.py","0d7cdc927619f38006c79069b5cbb087a27241e4","experiment/sample-subset-disjoint-scanner-heldout-transfer-audit","1;2","565ff3e5fa94d362bc97c66267871dce870bc6d2","565ff3e5fa94d362bc97c66267871dce870bc6d2","313a20b2e89c44b831e297b069cc63457e562aa4af4576c56b5962e32d8ecddd","35303"
"experiments/paired_acquisition/run_scanner_confounded_label_robustness_audit.py","b5a9886e77776942d133929c1592d1203229aa8c","experiment/scanner-confounded-label-robustness-audit","1;2","45bc031fd0ce948e7e389c92bde244dcbf090562","45bc031fd0ce948e7e389c92bde244dcbf090562","7d56df2ce2fd591e6b2145e4d0fd633673695e9d64f425770c0561bf488a07fd","46804"
"experiments/paired_acquisition/run_scanner_heldout_label_transfer_audit.py","535eea183ab7471bf661dd1abf122868f1ff56ac","experiment/scanner-heldout-label-transfer-audit","1;2","24c5853095b907172f55f16f775d82cff77451b8","24c5853095b907172f55f16f775d82cff77451b8","5a66eb450963184e330108f6fa051ed338ff8fe0315eed56e4058b091d7b8d01","32386"
"results/paired_acquisition_factorization_acquisition_bottleneck_separation_frontier/acquisition_bottleneck_separation_frontier_report.md","a89bfb32977dc723ef895f150ab4ae720a345ac5","experiment/acquisition-bottleneck-separation-frontier","4","79010a903ee9ee4421af6752708100965fd1b7b4","79010a903ee9ee4421af6752708100965fd1b7b4","ddbad906f71bb8110f0c3ba6e5d3cb52c2905c946d0863928e22cc33450a31c0","5422"
"results/paired_acquisition_factorization_acquisition_bottleneck_separation_frontier/experiment_design.json","a89bfb32977dc723ef895f150ab4ae720a345ac5","experiment/acquisition-bottleneck-separation-frontier","4","33a19cab258d9a66af5f7ac205b15425f06fca19","33a19cab258d9a66af5f7ac205b15425f06fca19","7914afe5bd860f2801af17deb97e108c41c9729b34339527e61ff45f860c573f","5663"
"results/paired_acquisition_factorization_acquisition_bottleneck_separation_frontier/frontier_branch_contrasts.csv","a89bfb32977dc723ef895f150ab4ae720a345ac5","experiment/acquisition-bottleneck-separation-frontier","4","b3f27b4d0e9f41f59c0e199de02332ca15b88be0","b3f27b4d0e9f41f59c0e199de02332ca15b88be0","b8aaefec54e391747bd141a1e4dc7f073dbb65dc46ab98a17b6515c86c9829d8","13635"
"results/paired_acquisition_factorization_acquisition_bottleneck_separation_frontier/frontier_full_raw_metrics.csv","a89bfb32977dc723ef895f150ab4ae720a345ac5","experiment/acquisition-bottleneck-separation-frontier","4","79afd44c3f4da0c416e8d2df1b2a73363657020c","79afd44c3f4da0c416e8d2df1b2a73363657020c","15507ce1e88daf270fcb226197ca7126f633f0de8bafc9485fe6e0b0d122c513","49897"
"results/paired_acquisition_factorization_acquisition_bottleneck_separation_frontier/frontier_smoke_raw_metrics.csv","a89bfb32977dc723ef895f150ab4ae720a345ac5","experiment/acquisition-bottleneck-separation-frontier","4","21b5d64b28f1825758af1db6515e2b5aab379e03","21b5d64b28f1825758af1db6515e2b5aab379e03","2ecc9db2b70d017cbb03d22d594ea23f52298b8d3193a897c09031eead2c036d","6465"
"results/paired_acquisition_factorization_acquisition_bottleneck_separation_frontier/frontier_variant_selection_log.csv","a89bfb32977dc723ef895f150ab4ae720a345ac5","experiment/acquisition-bottleneck-separation-frontier","4","283e4a90866e12626d20a1cccbefbfd85b77875a","283e4a90866e12626d20a1cccbefbfd85b77875a","77c3a8425ec9d746a59080fc71e60a00fb996effaa7f563e09a9f308b81c142d","2312"
"results/paired_acquisition_factorization_acquisition_bottleneck_separation_frontier/frontier_variant_summary.csv","a89bfb32977dc723ef895f150ab4ae720a345ac5","experiment/acquisition-bottleneck-separation-frontier","4","f65e3840486f2a059cf8550af7b2d68aedf074bb","f65e3840486f2a059cf8550af7b2d68aedf074bb","f464342a083fda6b3e37deb8b7304990d4471175d499b8b34a5f0c9c59762a74","9694"
"results/paired_acquisition_factorization_acquisition_bottleneck_separation_frontier/run_log.txt","a89bfb32977dc723ef895f150ab4ae720a345ac5","experiment/acquisition-bottleneck-separation-frontier","4","a626889cdf0f473108499f949b69cf2429f9ee38","a626889cdf0f473108499f949b69cf2429f9ee38","7404a6b30d6570fa667009be77e6933494d18e899231cb80f360f4d5401ea979","31772"
"results/paired_acquisition_factorization_acquisition_branch_audit/acquisition_branch_audit_report.md","3e5bf19e420abfcb9a95c517407cba636b9f126d","experiment/acquisition-branch-audit","2","2fbddb8c3138a70da7bf12c951c888c119c508c8","2fbddb8c3138a70da7bf12c951c888c119c508c8","9d995cfe99943b938dca9d6df13096fc20e9cc626878ad89a556fd92049481dc","5010"
"results/paired_acquisition_factorization_acquisition_branch_audit/branch_audit_raw_metrics.csv","3e5bf19e420abfcb9a95c517407cba636b9f126d","experiment/acquisition-branch-audit","2","c8c8d4a5cb1cf862d870af1710bc7b83b4136622","c8c8d4a5cb1cf862d870af1710bc7b83b4136622","5d71fb0fea3c5db55e9e3b73ed601e4992508e4bfbab3aea4f6aa1310fb72c79","79352"
"results/paired_acquisition_factorization_acquisition_branch_audit/branch_audit_summary.csv","3e5bf19e420abfcb9a95c517407cba636b9f126d","experiment/acquisition-branch-audit","2","83a7f7afce9d815e6fb4759e73af151920fcf6ea","83a7f7afce9d815e6fb4759e73af151920fcf6ea","4319bf315c6b81418ada731a775fb8072cd4c87c34a3be6a15d3a5015d42fcfb","10553"
"results/paired_acquisition_factorization_acquisition_branch_audit/branch_separation_contrasts.csv","3e5bf19e420abfcb9a95c517407cba636b9f126d","experiment/acquisition-branch-audit","2","5864fb7978eab459cb5671144be9ad424b49fdc6","5864fb7978eab459cb5671144be9ad424b49fdc6","ea1dafcd769b9da0916aea2f9c58605151abec74180a2f9aec3848ed332f1835","45862"
"results/paired_acquisition_factorization_acquisition_branch_audit/experiment_design.json","3e5bf19e420abfcb9a95c517407cba636b9f126d","experiment/acquisition-branch-audit","2","949e02bc9172f4b3f930ee8af2c830340ef33dc4","949e02bc9172f4b3f930ee8af2c830340ef33dc4","4ff824cad748c2235661d4643c878732c661fb9a89387c2e1d5462ea0a179dc5","1269"
"results/paired_acquisition_factorization_acquisition_branch_audit/run_log.txt","3e5bf19e420abfcb9a95c517407cba636b9f126d","experiment/acquisition-branch-audit","2","9a0cde9941f692351951692ed20d72c60456fbbc","9a0cde9941f692351951692ed20d72c60456fbbc","b934bde860889276265b648f85e76115d0c8226f5d7bbfc56d30b6f389e706a5","858"
"results/paired_acquisition_factorization_acquisition_factor_swapping_audit/acquisition_swapping_nearest_neighbor_metrics.csv","aa8d0596dfe5f4be650d034ed80fca76fc337116","experiment/acquisition-factor-swapping-audit","5","2797690cf1fe2a0c976d169c3a16ee3c57f3136b","2797690cf1fe2a0c976d169c3a16ee3c57f3136b","84061d56514088bf2bf5d5de7a78a1236cfe9cc7019cd4e1c7a355fa19f72901","5717620"
"results/paired_acquisition_factorization_acquisition_factor_swapping_audit/acquisition_swapping_probe_metrics.csv","aa8d0596dfe5f4be650d034ed80fca76fc337116","experiment/acquisition-factor-swapping-audit","5","50f6370e8bd1bd62c0f68a75908adaea7b3001c0","50f6370e8bd1bd62c0f68a75908adaea7b3001c0","7c320e904faa071969a1f22cbbc82392e5c9f787c445129107498ffaab794f74","6120147"
"results/paired_acquisition_factorization_acquisition_factor_swapping_audit/acquisition_swapping_raw_metrics.csv","aa8d0596dfe5f4be650d034ed80fca76fc337116","experiment/acquisition-factor-swapping-audit","5","85428ccbd2129e7cd9c3c43009168d1c0cbd47fa","85428ccbd2129e7cd9c3c43009168d1c0cbd47fa","ad62cf03f958b0da3344406a92abd7f9b735060c42f079918f938db66f4bb4f7","5308890"
"results/paired_acquisition_factorization_acquisition_factor_swapping_audit/acquisition_swapping_report.md","aa8d0596dfe5f4be650d034ed80fca76fc337116","experiment/acquisition-factor-swapping-audit","5","30e015c5dc402b216b2ccd306758c6f9a727b184","30e015c5dc402b216b2ccd306758c6f9a727b184","f611204d07b740d6790f6939e1895cd3490691fc371dc1e7eac68578b3d3ca5e","8953"
"results/paired_acquisition_factorization_acquisition_factor_swapping_audit/acquisition_swapping_summary.csv","aa8d0596dfe5f4be650d034ed80fca76fc337116","experiment/acquisition-factor-swapping-audit","5","1d7f978d60041730ada8885fbcee65dbaca1d1e7","1d7f978d60041730ada8885fbcee65dbaca1d1e7","3f28042443f8443a99f78c7f10ba532168c3d380fa375a3428b611d42bc99f86","1575"
"results/paired_acquisition_factorization_acquisition_factor_swapping_audit/experiment_design.json","aa8d0596dfe5f4be650d034ed80fca76fc337116","experiment/acquisition-factor-swapping-audit","5","b34b8511dd01366d7fce1cb6eacbc485e96cdd2b","b34b8511dd01366d7fce1cb6eacbc485e96cdd2b","2a79cfbf7de709501817cb5f13bf7ab547867bf5d8872c55378004a450d90f8c","1983"
"results/paired_acquisition_factorization_acquisition_factor_swapping_audit/run_log.txt","aa8d0596dfe5f4be650d034ed80fca76fc337116","experiment/acquisition-factor-swapping-audit","5","44e6ee546e64d1ff4222f593007c02cc389f9ecd","44e6ee546e64d1ff4222f593007c02cc389f9ecd","d95b9de86d1bf795e17a4ee5de513aab25911213730610eae494b7543045547f","41146"
"results/paired_acquisition_factorization_biological_label_preservation_audit/biological_label_preservation_report.md","bec06eb47e14ca3317efae7b74c3399615aa0d13","experiment/biological-label-preservation-audit","1;2","d5a041fb5e73f4a3d11ab39e3a8f35dd9ef94436","d5a041fb5e73f4a3d11ab39e3a8f35dd9ef94436","293906dc0ea1e884728398701128058436c57cd8655ae55878cd33cfe5d087a7","11378"
"results/paired_acquisition_factorization_biological_label_preservation_audit/experiment_design.json","bec06eb47e14ca3317efae7b74c3399615aa0d13","experiment/biological-label-preservation-audit","1;2","9f38cdf5bf9013f1a7d42c0c6619c2bc1c18a83a","9f38cdf5bf9013f1a7d42c0c6619c2bc1c18a83a","3f948635cfb6bae9c42abbf99602157b3814cfba04a70ca3d23e180ca3083332","1541"
"results/paired_acquisition_factorization_biological_label_preservation_audit/label_probe_raw_metrics.csv","bec06eb47e14ca3317efae7b74c3399615aa0d13","experiment/biological-label-preservation-audit","1;2","35173e885a80725f47fa183f26b7c3cadd601239","35173e885a80725f47fa183f26b7c3cadd601239","29ca4d53d61056ba2f6d520c7dad1ec0479c5ea353946e7125f1edd40b4d1851","45575"
"results/paired_acquisition_factorization_biological_label_preservation_audit/label_probe_summary.csv","bec06eb47e14ca3317efae7b74c3399615aa0d13","experiment/biological-label-preservation-audit","1;2","730ccc060b3772fae5aee246bd3f6d1c698be581","730ccc060b3772fae5aee246bd3f6d1c698be581","be2475303b7616199cd86303db4302f92f51162b3aa5e01d9728fab80ca819a1","7539"
"results/paired_acquisition_factorization_biological_label_preservation_audit/neighborhood_purity_metrics.csv","bec06eb47e14ca3317efae7b74c3399615aa0d13","experiment/biological-label-preservation-audit","1;2","98809e855575c4924904f262cacf0f36810390ab","98809e855575c4924904f262cacf0f36810390ab","d72a835e6f19857b3ef6692a7d7a6cafe1ecf8cc193d571b07145ae6534333d5","2652"
"results/paired_acquisition_factorization_biological_label_preservation_audit/run_log.txt","bec06eb47e14ca3317efae7b74c3399615aa0d13","experiment/biological-label-preservation-audit","1;2","594e78efb3d7d1044723a80c8a7c550e8b99f6a5","594e78efb3d7d1044723a80c8a7c550e8b99f6a5","8bc605c3cb455198955ef2c66dd3138be775c7df632e165490e51678274f4935","1090"
"results/paired_acquisition_factorization_biological_label_preservation_audit/scanner_label_tradeoff_summary.csv","bec06eb47e14ca3317efae7b74c3399615aa0d13","experiment/biological-label-preservation-audit","1;2","f74d24b6a316868dcdd01ca30e4843669ae39241","f74d24b6a316868dcdd01ca30e4843669ae39241","1c3d4c3b116d95151b181ea2b826de550cb20b1d84cc7e5a76082731a0377045","3369"
"results/paired_acquisition_factorization_frontier_selected_crossbackbone_validation/experiment_design.json","0e2af24730a0a298fbf0363dfbab7682dc65a1af","experiment/frontier-selected-crossbackbone-validation","4","b338f4919b17b16355bea43814b04a1348e81a07","b338f4919b17b16355bea43814b04a1348e81a07","ea92d19fd0e68231c9416ee6e8203a802edabc04d29b3211f69f55da3c5abc8f","4295"
"results/paired_acquisition_factorization_frontier_selected_crossbackbone_validation/frontier_crossbackbone_canine_reference.csv","0e2af24730a0a298fbf0363dfbab7682dc65a1af","experiment/frontier-selected-crossbackbone-validation","4","4c67edbaf797bd5edd08e83113a3d257250aba0f","4c67edbaf797bd5edd08e83113a3d257250aba0f","4daf127aaa0339a1f8fd961c89134c95aab22c379429512298b31e571bf169c5","782"
"results/paired_acquisition_factorization_frontier_selected_crossbackbone_validation/frontier_crossbackbone_contrasts.csv","0e2af24730a0a298fbf0363dfbab7682dc65a1af","experiment/frontier-selected-crossbackbone-validation","4","1089321853704cbd995c89a16dbd4c1ca6084c96","1089321853704cbd995c89a16dbd4c1ca6084c96","0ee178b165d2ff2b686ef1e3f38fd0466f4c6a9f62289e497a03c3024e16fcac","8875"
"results/paired_acquisition_factorization_frontier_selected_crossbackbone_validation/frontier_crossbackbone_raw_metrics.csv","0e2af24730a0a298fbf0363dfbab7682dc65a1af","experiment/frontier-selected-crossbackbone-validation","4","9c51f6ac5ba842ae6e6bc3407fba7680c1c0e22b","9c51f6ac5ba842ae6e6bc3407fba7680c1c0e22b","16c2064ce908dd6a78e1cd255ea4e7a71ec37c9358e51dbff48906ae555d23b3","220498"
"results/paired_acquisition_factorization_frontier_selected_crossbackbone_validation/frontier_crossbackbone_summary.csv","0e2af24730a0a298fbf0363dfbab7682dc65a1af","experiment/frontier-selected-crossbackbone-validation","4","f1b66a297d3d126692ff927148836fc3c4d137a0","f1b66a297d3d126692ff927148836fc3c4d137a0","390b3f2356d269359392027174b5614702a90ae47787c8a9050d8e76418ef78e","11961"
"results/paired_acquisition_factorization_frontier_selected_crossbackbone_validation/frontier_selected_crossbackbone_validation_report.md","0e2af24730a0a298fbf0363dfbab7682dc65a1af","experiment/frontier-selected-crossbackbone-validation","4","3b768778902dd24454e310066c3183cb7629f820","3b768778902dd24454e310066c3183cb7629f820","a4c604d39e86769ed3769ea3d1fca3d716def3382ebbfd522723e2c4111839c7","4110"
"results/paired_acquisition_factorization_frontier_selected_crossbackbone_validation/run_log.txt","0e2af24730a0a298fbf0363dfbab7682dc65a1af","experiment/frontier-selected-crossbackbone-validation","4","c081c41d0e861b6eb70a6330f4f6f51841578192","c081c41d0e861b6eb70a6330f4f6f51841578192","6485af2469aebfed9b69499315a73b4c6bc9355669fe46b801ae42ba7ee87d70","50036"
"results/paired_acquisition_factorization_frontier_selected_downstream_validation/experiment_design.json","c29a038debf9df709d6ce10ad4c63e510556b083","experiment/frontier-selected-downstream-validation","4","23bf53efa7fb972d19730199dc9fd242f5f8e5d0","23bf53efa7fb972d19730199dc9fd242f5f8e5d0","dd846cf1436ce05398db812223a1d3ffd336eb08bc40377b08d716d6df33ce9c","3510"
"results/paired_acquisition_factorization_frontier_selected_downstream_validation/frontier_downstream_contrasts.csv","c29a038debf9df709d6ce10ad4c63e510556b083","experiment/frontier-selected-downstream-validation","4","9994a75573c550fc0b398c3d01b9fe86d9f242d4","9994a75573c550fc0b398c3d01b9fe86d9f242d4","5e8e99def6627327ca482686fae02e764feaf7debb93824dd9c2799c1479e1b2","4471"
"results/paired_acquisition_factorization_frontier_selected_downstream_validation/frontier_downstream_per_class_recall.csv","c29a038debf9df709d6ce10ad4c63e510556b083","experiment/frontier-selected-downstream-validation","4","f982c83a8bc60cc076da04aadc355768a86d5421","f982c83a8bc60cc076da04aadc355768a86d5421","bbf6cdae3ef45631825bdd21c69618a683d67ae92a650a9ff3b9040e6b418d9a","20032"
"results/paired_acquisition_factorization_frontier_selected_downstream_validation/frontier_downstream_per_scanner_errors.csv","c29a038debf9df709d6ce10ad4c63e510556b083","experiment/frontier-selected-downstream-validation","4","ca9fe874095cd0712be757e7698f002fdc10b681","ca9fe874095cd0712be757e7698f002fdc10b681","93fce627a43a7bfc5802a4df93fcac51227cc8ea5d85192b9d3d092c9d3c823a","14380"
"results/paired_acquisition_factorization_frontier_selected_downstream_validation/frontier_downstream_raw_metrics.csv","c29a038debf9df709d6ce10ad4c63e510556b083","experiment/frontier-selected-downstream-validation","4","b5a1fc6101add92ccda99e1ba5b33ee399b7bfd1","b5a1fc6101add92ccda99e1ba5b33ee399b7bfd1","fb5f46aac2c2ba2092859ec3da1b3358174f8725d009598a20b68fddf52009a7","1538224"
"results/paired_acquisition_factorization_frontier_selected_downstream_validation/frontier_downstream_split_diagnostics.csv","c29a038debf9df709d6ce10ad4c63e510556b083","experiment/frontier-selected-downstream-validation","4","70e7a2304f7e4e45b690eec0269fde64957b71ef","70e7a2304f7e4e45b690eec0269fde64957b71ef","ed2d64d7c12a4d0ee65e756b0d172194c193d3505862ff079d96a673e48a6bb3","668634"
"results/paired_acquisition_factorization_frontier_selected_downstream_validation/frontier_downstream_summary.csv","c29a038debf9df709d6ce10ad4c63e510556b083","experiment/frontier-selected-downstream-validation","4","912e729cd6b4289fe6561ec694761a958c7778f4","912e729cd6b4289fe6561ec694761a958c7778f4","687e4c6acd19b598b0a15a3acd17bb5615901bd8a936c5c4662be9118e087fac","8371"
"results/paired_acquisition_factorization_frontier_selected_downstream_validation/frontier_selected_downstream_validation_report.md","c29a038debf9df709d6ce10ad4c63e510556b083","experiment/frontier-selected-downstream-validation","4","1d0d46ed9424e680c78d365f4c996e6aabcc7a81","1d0d46ed9424e680c78d365f4c996e6aabcc7a81","d95be2f30d5d0d942f08bc028ba2765d1767c043fff80426789e28f9c2d8dbac","5469"
"results/paired_acquisition_factorization_frontier_selected_downstream_validation/run_log.txt","c29a038debf9df709d6ce10ad4c63e510556b083","experiment/frontier-selected-downstream-validation","4","6373219e10de0be3e35ccddc209f82760ee519d6","6373219e10de0be3e35ccddc209f82760ee519d6","b65a55575db7b23f9229d44d42978de7e4fbae291a7647f987a5ac7a26ff3f77","297012"
"results/paired_acquisition_factorization_linear_baseline_consistency_audit/experiment_design.json","a325c009254bd2c220297e482203dd9a252728a6","experiment/linear-baseline-consistency-audit","3","f17af096a8e96f9b19152981ad00ac25ecc22083","f17af096a8e96f9b19152981ad00ac25ecc22083","91bd10518252f4e6830390cafdfeccc524dc7358e86b58e9db9a9f58c1527881","700"
"results/paired_acquisition_factorization_linear_baseline_consistency_audit/linear_baseline_consistency_metrics.csv","a325c009254bd2c220297e482203dd9a252728a6","experiment/linear-baseline-consistency-audit","3","9c1f7f45c08c98fa35184ebfcb960748e369262c","9c1f7f45c08c98fa35184ebfcb960748e369262c","db700eecde0ad532ecb6a72a5ca7800ab3160a9cf1048c4e2e6b4ca1d5a4417a","2209"
"results/paired_acquisition_factorization_linear_baseline_consistency_audit/linear_baseline_consistency_report.md","a325c009254bd2c220297e482203dd9a252728a6","experiment/linear-baseline-consistency-audit","3","a9eb13c2df851da84f2203ab5ab5d098863f101f","a9eb13c2df851da84f2203ab5ab5d098863f101f","cf11e1b0afb23a192a71765725e49dd0c27e6eec78ac1002b7bcb790e78cbe95","6210"
"results/paired_acquisition_factorization_linear_baseline_consistency_audit/linear_baseline_feature_comparison.csv","a325c009254bd2c220297e482203dd9a252728a6","experiment/linear-baseline-consistency-audit","3","1a4919c3e04b1a6f626aa10633d850fa2946be1b","1a4919c3e04b1a6f626aa10633d850fa2946be1b","031c4e0e2c8e978ea2d9ddc97674ae22c85da9cf916830caabc403de34d7e674","939"
"results/paired_acquisition_factorization_linear_baseline_consistency_audit/run_log.txt","a325c009254bd2c220297e482203dd9a252728a6","experiment/linear-baseline-consistency-audit","3","a1d10b4f6f8eaf9dfc9ac1f68a6056136ba7143a","a1d10b4f6f8eaf9dfc9ac1f68a6056136ba7143a","946d195844ecabf588ce0fb902714c82db54ad8369198b6088349ef5e6cd6f52","3401"
"results/paired_acquisition_factorization_linear_residual_branch_separation_audit/experiment_design.json","ec2a509f19e5c4a1fb59c3e49486a022db03191c","experiment/linear-baseline-consistency-audit","2;3","46b9a553275a145fd13244b6b127a690960f30f4","46b9a553275a145fd13244b6b127a690960f30f4","85eab1b6512f8d0a578e7b4f1f20edff2eb99985ec61daba0bf70652c2269da7","1501"
"results/paired_acquisition_factorization_linear_residual_branch_separation_audit/linear_residual_branch_contrasts.csv","ec2a509f19e5c4a1fb59c3e49486a022db03191c","experiment/linear-baseline-consistency-audit","2;3","e66264d9a3c02bf44a9faeb601bade66a869e328","e66264d9a3c02bf44a9faeb601bade66a869e328","2eb1196561f37b77e6bb0e7a3148300a4bba14ec14753dadf43a84a65215082c","52138"
"results/paired_acquisition_factorization_linear_residual_branch_separation_audit/linear_residual_branch_separation_report.md","ec2a509f19e5c4a1fb59c3e49486a022db03191c","experiment/linear-baseline-consistency-audit","2;3","e46b7fb5abdbdc6f197566b35d6c2803d84306bf","e46b7fb5abdbdc6f197566b35d6c2803d84306bf","94c56e0a5867a0f7712c2efaf978f3ae5e14061051318b052846b8d1c33507c9","9055"
"results/paired_acquisition_factorization_linear_residual_branch_separation_audit/linear_residual_raw_metrics.csv","ec2a509f19e5c4a1fb59c3e49486a022db03191c","experiment/linear-baseline-consistency-audit","2;3","6877526d2fffd3977b6ea13630ab8c3e48559dac","6877526d2fffd3977b6ea13630ab8c3e48559dac","afb66ce00a9c8c5725f065606cbddc9a3909edb15f8222e8872e9997bf876be6","41087"
"results/paired_acquisition_factorization_linear_residual_branch_separation_audit/linear_residual_summary.csv","ec2a509f19e5c4a1fb59c3e49486a022db03191c","experiment/linear-baseline-consistency-audit","2;3","2b0ffd003b79bbdd2c7b629e10d16b8157201990","2b0ffd003b79bbdd2c7b629e10d16b8157201990","704b1a74c6320bb8dc48b17c4e1eac6304bd76dcc29fda2738f4e5f5036f9e4f","14981"
"results/paired_acquisition_factorization_linear_residual_branch_separation_audit/run_log.txt","ec2a509f19e5c4a1fb59c3e49486a022db03191c","experiment/linear-baseline-consistency-audit","2;3","3d3a0aad13a6f6130f466a311d47bfd63fbe431b","3d3a0aad13a6f6130f466a311d47bfd63fbe431b","d392030561f2f4160c450b10095dc57ebb323e3fbcdbff3a822a66b475fb15d4","20051"
"results/paired_acquisition_factorization_oldstyle_residual_branch_separation_audit/experiment_design.json","3450ede25d374495ea73fe2d41b1e365e8b5b5a7","experiment/oldstyle-residual-branch-separation-audit","2;3","d03a1850b752c8c063c57c7406e8e154b513eb8c","d03a1850b752c8c063c57c7406e8e154b513eb8c","1440445dbd89e5c71823970486a36523130799042bccf150bd781047ab070431","1649"
"results/paired_acquisition_factorization_oldstyle_residual_branch_separation_audit/oldstyle_residual_branch_contrasts.csv","3450ede25d374495ea73fe2d41b1e365e8b5b5a7","experiment/oldstyle-residual-branch-separation-audit","2;3","6593fe267cacb0ee2d03db792bdaabca9709ea26","6593fe267cacb0ee2d03db792bdaabca9709ea26","a29168efbd7818361067a705f7e56e2e5e220dd46b76e232250d1e22de18b068","17636"
"results/paired_acquisition_factorization_oldstyle_residual_branch_separation_audit/oldstyle_residual_branch_separation_report.md","3450ede25d374495ea73fe2d41b1e365e8b5b5a7","experiment/oldstyle-residual-branch-separation-audit","2;3","c59e9a62f3989bf871efebb562dbbdf36a85887f","c59e9a62f3989bf871efebb562dbbdf36a85887f","442f93bc8e8eef6714e293628fffd4680a6531cdad609e4adc1911c8dc073e66","7591"
"results/paired_acquisition_factorization_oldstyle_residual_branch_separation_audit/oldstyle_residual_neighborhood_purity.csv","3450ede25d374495ea73fe2d41b1e365e8b5b5a7","experiment/oldstyle-residual-branch-separation-audit","2;3","5b59fb80bb2fa61b8ac90cfbd504bf6b15b435ce","5b59fb80bb2fa61b8ac90cfbd504bf6b15b435ce","eeb7cf3308092cdd2f3e209a677bfaedc65f2b19c77cbc9f48396b69a699e0ba","20026"
"results/paired_acquisition_factorization_oldstyle_residual_branch_separation_audit/oldstyle_residual_raw_metrics.csv","3450ede25d374495ea73fe2d41b1e365e8b5b5a7","experiment/oldstyle-residual-branch-separation-audit","2;3","fb6700bc3e7eb59ab0b24c1dfcfbb5e30edf2e24","fb6700bc3e7eb59ab0b24c1dfcfbb5e30edf2e24","79fc171ff540215d8c9062eae85c5d89083e5306c51e87f6b62a9fcb45881468","39829"
"results/paired_acquisition_factorization_oldstyle_residual_branch_separation_audit/oldstyle_residual_summary.csv","3450ede25d374495ea73fe2d41b1e365e8b5b5a7","experiment/oldstyle-residual-branch-separation-audit","2;3","7213f1a432125e783979a69e26c07584bf809fdb","7213f1a432125e783979a69e26c07584bf809fdb","ab8227cabfc22fb40bb1b8385ee76ee3a9d66a35fd8b37f0ade3c9d1121895c2","13046"
"results/paired_acquisition_factorization_oldstyle_residual_branch_separation_audit/run_log.txt","3450ede25d374495ea73fe2d41b1e365e8b5b5a7","experiment/oldstyle-residual-branch-separation-audit","2;3","572fbae80727fcc51753b99e80d2b6578aa91132","572fbae80727fcc51753b99e80d2b6578aa91132","e3cff688c12c830d685e60d261fcbde4b8d049b3e7ef575e2b8fdcc29ff27ef7","17651"
"results/paired_acquisition_factorization_pair_structure_boundary_crossbackbone/boundary_condition_contrasts.csv","d018c924757c90a56ab5d515c4ecc02110286df6","experiment/pair-structure-boundary-crossbackbone","1","e9ccb7d5a8ee2200685234b3000265d13154e921","e9ccb7d5a8ee2200685234b3000265d13154e921","4e1e59437eb93fd9006ab87d0026c8dc442d066f89c9cd6a8fad1b147b72d578","12591"
"results/paired_acquisition_factorization_pair_structure_boundary_crossbackbone/boundary_raw_metrics.csv","d018c924757c90a56ab5d515c4ecc02110286df6","experiment/pair-structure-boundary-crossbackbone","1","754010be974734bbb1e7ba456d80957df635a23e","754010be974734bbb1e7ba456d80957df635a23e","9db5cc6c4f834411727a542dae973fffbd2a336bbadee079621cb353faeef26a","73795"
"results/paired_acquisition_factorization_pair_structure_boundary_crossbackbone/boundary_summary.csv","d018c924757c90a56ab5d515c4ecc02110286df6","experiment/pair-structure-boundary-crossbackbone","1","9eb6c7f8a4f93ae89cd0fc3037c00c691a792150","9eb6c7f8a4f93ae89cd0fc3037c00c691a792150","e3e34b794ebc2d1b267d84719d3ed6674908e99f9d8a11ff0eb5f71490838686","6425"
"results/paired_acquisition_factorization_pair_structure_boundary_crossbackbone/experiment_design.json","d018c924757c90a56ab5d515c4ecc02110286df6","experiment/pair-structure-boundary-crossbackbone","1","1e480597c7ff78b420492f570b5a057462ea1b07","1e480597c7ff78b420492f570b5a057462ea1b07","0d1d8d3a59f937dfba241c662866de6d23398cc26c992ef1a8cc9a135a33db8e","718"
"results/paired_acquisition_factorization_pair_structure_boundary_crossbackbone/pair_structure_boundary_crossbackbone_report.md","d018c924757c90a56ab5d515c4ecc02110286df6","experiment/pair-structure-boundary-crossbackbone","1","d956f9641aee7604e740ed1ca542f7a030e4f529","d956f9641aee7604e740ed1ca542f7a030e4f529","3e54ddecc556bc0b805c8bbba28704e07f6a8f98d83782960b441f35a24d43d4","7570"
"results/paired_acquisition_factorization_pair_structure_boundary_crossbackbone/run_log.txt","d018c924757c90a56ab5d515c4ecc02110286df6","experiment/pair-structure-boundary-crossbackbone","1","20ad5ddb6c94187ac3d8c16237b97f47f1c05676","20ad5ddb6c94187ac3d8c16237b97f47f1c05676","9d669a5d1fde05eb61267f70ba1c814d8f0c1752531b2c76851cb34e71961deb","1145"
"results/paired_acquisition_factorization_pair_structure_boundary_test/boundary_condition_contrasts.csv","e4819c42e49f9c4a1e7a652fc8bf8651a2f6b628","experiment/pair-structure-boundary-test","1;2","dd500595ac59edd64dec2ff8cfdeac9b653c7bef","dd500595ac59edd64dec2ff8cfdeac9b653c7bef","3a008da4d0173fb0c2d092939a885284192564b03df59ee36739d1767b3a3111","12530"
"results/paired_acquisition_factorization_pair_structure_boundary_test/boundary_raw_metrics.csv","e4819c42e49f9c4a1e7a652fc8bf8651a2f6b628","experiment/pair-structure-boundary-test","1;2","a2a8cda01781260bd445eb2c7dcf6cc829f4ec11","a2a8cda01781260bd445eb2c7dcf6cc829f4ec11","a5ab60b2cd9e02768cbdd669600eaa36b64c72790b2f2fa4592f37f8f01399ee","86188"
"results/paired_acquisition_factorization_pair_structure_boundary_test/boundary_summary.csv","e4819c42e49f9c4a1e7a652fc8bf8651a2f6b628","experiment/pair-structure-boundary-test","1;2","0a0357c609e1ba8f038b6cafba512eee3cc9b35b","0a0357c609e1ba8f038b6cafba512eee3cc9b35b","a13b75857f070131274f4f798234d5b98e2dc1847e88d6a4ac8386bb7363a2c0","6964"
"results/paired_acquisition_factorization_pair_structure_boundary_test/experiment_design.json","e4819c42e49f9c4a1e7a652fc8bf8651a2f6b628","experiment/pair-structure-boundary-test","1;2","ac142e929a0c65cd81e925bfb06784bc3255435d","ac142e929a0c65cd81e925bfb06784bc3255435d","67e7bb85d53e1767ee866c0a0cc4ca7293c7540e1cd092bdb1374ce1773ca4a4","805"
"results/paired_acquisition_factorization_pair_structure_boundary_test/pair_structure_boundary_report.md","e4819c42e49f9c4a1e7a652fc8bf8651a2f6b628","experiment/pair-structure-boundary-test","1;2","eee3113ff32487e1261fb644bd395c8f9bb26980","eee3113ff32487e1261fb644bd395c8f9bb26980","d56eb681cb643bfeed565ce28e880471b8a1a203b9304d565e39847668380c7d","9936"
"results/paired_acquisition_factorization_pair_structure_boundary_test/run_log.txt","e4819c42e49f9c4a1e7a652fc8bf8651a2f6b628","experiment/pair-structure-boundary-test","1;2","968dbb0d2dc0b0970d3fdf1f98f30aa79e87231f","968dbb0d2dc0b0970d3fdf1f98f30aa79e87231f","5753c66c96e01cb635329a970af09ff445bdfd2fa0558656a8bba817723dd652","1285"
"results/paired_acquisition_factorization_sample_subset_disjoint_scanner_heldout_transfer_audit/experiment_design.json","0d7cdc927619f38006c79069b5cbb087a27241e4","experiment/sample-subset-disjoint-scanner-heldout-transfer-audit","1;2","d5b69c7af7c4b52095ee3f2daf7e7831bc51e95b","d5b69c7af7c4b52095ee3f2daf7e7831bc51e95b","2d62e56a2009171f96312fe60352646883a3e406fedab797d92dcf63b2205b45","1419"
"results/paired_acquisition_factorization_sample_subset_disjoint_scanner_heldout_transfer_audit/run_log.txt","0d7cdc927619f38006c79069b5cbb087a27241e4","experiment/sample-subset-disjoint-scanner-heldout-transfer-audit","1;2","893172697edb5b83b592ecd2fb1fda32b6cf318c","893172697edb5b83b592ecd2fb1fda32b6cf318c","350cb135f6edb365dcbfa3a1f51f02c5f3978461029826da9d57d94b65e778e8","5281"
"results/paired_acquisition_factorization_sample_subset_disjoint_scanner_heldout_transfer_audit/sample_disjoint_scanner_heldout_per_class_recall.csv","0d7cdc927619f38006c79069b5cbb087a27241e4","experiment/sample-subset-disjoint-scanner-heldout-transfer-audit","1;2","a410422142b0304b5fd8628b9b20c3901b5465be","a410422142b0304b5fd8628b9b20c3901b5465be","f9c7380a09eb6ac853e51233ef6f69e8a625ce17462016d8f7156e7eb1f80038","5102"
"results/paired_acquisition_factorization_sample_subset_disjoint_scanner_heldout_transfer_audit/sample_disjoint_scanner_heldout_per_scanner.csv","0d7cdc927619f38006c79069b5cbb087a27241e4","experiment/sample-subset-disjoint-scanner-heldout-transfer-audit","1;2","1083530f7b61c9a2ff70792bb65df5c04d707009","1083530f7b61c9a2ff70792bb65df5c04d707009","0394f47c203576b610cca680a3bc57171604fd6df67d75aeb5b9c4cc334319c9","14461"
"results/paired_acquisition_factorization_sample_subset_disjoint_scanner_heldout_transfer_audit/sample_disjoint_scanner_heldout_raw_metrics.csv","0d7cdc927619f38006c79069b5cbb087a27241e4","experiment/sample-subset-disjoint-scanner-heldout-transfer-audit","1;2","1bc65772e0fb4c8667c0b92331ea5a1e9cf69a47","1bc65772e0fb4c8667c0b92331ea5a1e9cf69a47","5e5d7002385c6d5fb8441e50ff48d94aec729c9a29aeb1d3c14623935a155a81","582071"
"results/paired_acquisition_factorization_sample_subset_disjoint_scanner_heldout_transfer_audit/sample_disjoint_scanner_heldout_report.md","0d7cdc927619f38006c79069b5cbb087a27241e4","experiment/sample-subset-disjoint-scanner-heldout-transfer-audit","1;2","0a59ec76c31fd2aa262405d3a839dc10166fd097","0a59ec76c31fd2aa262405d3a839dc10166fd097","89d685a5c7ead96ad977fbac12dd958461d5a35cf2c5ab34aff63988223e3238","7435"
"results/paired_acquisition_factorization_sample_subset_disjoint_scanner_heldout_transfer_audit/sample_disjoint_scanner_heldout_split_diagnostics.csv","0d7cdc927619f38006c79069b5cbb087a27241e4","experiment/sample-subset-disjoint-scanner-heldout-transfer-audit","1;2","c4f0118acf1208e58964cbf8b43f9fd6d48bb280","c4f0118acf1208e58964cbf8b43f9fd6d48bb280","83f0142d253dbbc0c312e14dbfc4222411ad9eb2fbc5ddd043061d76996c4830","23820"
"results/paired_acquisition_factorization_sample_subset_disjoint_scanner_heldout_transfer_audit/sample_disjoint_scanner_heldout_summary.csv","0d7cdc927619f38006c79069b5cbb087a27241e4","experiment/sample-subset-disjoint-scanner-heldout-transfer-audit","1;2","fe71566da5a2b3683999717d936da605f38b0ea0","fe71566da5a2b3683999717d936da605f38b0ea0","d1048f76935f6bffe9968bfcc03c6306c73792b1141b70c597bee12f361fef3b","4369"
"results/paired_acquisition_factorization_scanner_confounded_label_robustness_audit/experiment_design.json","b5a9886e77776942d133929c1592d1203229aa8c","experiment/scanner-confounded-label-robustness-audit","1;2","fbb91960788936b95b6e5a53e74540268a4851c4","fbb91960788936b95b6e5a53e74540268a4851c4","05fa190b186b5dd078669a8ad90a45a4489fc1ef02b184f5e0908ed82c2ca5fb","1387"
"results/paired_acquisition_factorization_scanner_confounded_label_robustness_audit/run_log.txt","b5a9886e77776942d133929c1592d1203229aa8c","experiment/scanner-confounded-label-robustness-audit","1;2","8d14d37067fae3e9db1677e53067a16d330a79ae","8d14d37067fae3e9db1677e53067a16d330a79ae","bae2e6d7c58ec34eeeed7240e043455db7bce6b45f3f390962cd1e18673ae611","156904"
"results/paired_acquisition_factorization_scanner_confounded_label_robustness_audit/scanner_confounded_per_class_recall.csv","b5a9886e77776942d133929c1592d1203229aa8c","experiment/scanner-confounded-label-robustness-audit","1;2","ed5fd4ca8704f0b0625f8988dde80b8fb3965ec5","ed5fd4ca8704f0b0625f8988dde80b8fb3965ec5","bdb8e32436e3f53d7e554eb63fa54d9e8ffceda3bf49884d25471b5756ef7d54","35681"
"results/paired_acquisition_factorization_scanner_confounded_label_robustness_audit/scanner_confounded_per_scanner_errors.csv","b5a9886e77776942d133929c1592d1203229aa8c","experiment/scanner-confounded-label-robustness-audit","1;2","85a46e59721d1348e67d833ae0d0184e00066464","85a46e59721d1348e67d833ae0d0184e00066464","cce1717076e14fccdc51217d2050ed1dcd2db0d9c9aa7acf28ae4cfbd93e5976","25791"
"results/paired_acquisition_factorization_scanner_confounded_label_robustness_audit/scanner_confounded_raw_metrics.csv","b5a9886e77776942d133929c1592d1203229aa8c","experiment/scanner-confounded-label-robustness-audit","1;2","41a0101a0faa42d03b5b3a31ea68a032305366e4","41a0101a0faa42d03b5b3a31ea68a032305366e4","e626677910a0813010ce7a79f335914ab4b6841a1eea57b751c03b0ad8cf7c6f","881551"
"results/paired_acquisition_factorization_scanner_confounded_label_robustness_audit/scanner_confounded_robustness_report.md","b5a9886e77776942d133929c1592d1203229aa8c","experiment/scanner-confounded-label-robustness-audit","1;2","3bc28fcf401d109da3f100bb45327a49d9a7781f","3bc28fcf401d109da3f100bb45327a49d9a7781f","4f3dbc688925a371514674e9e2b6290f5b9e3a143453310b10d34fd423dce062","10221"
"results/paired_acquisition_factorization_scanner_confounded_label_robustness_audit/scanner_confounded_split_diagnostics.csv","b5a9886e77776942d133929c1592d1203229aa8c","experiment/scanner-confounded-label-robustness-audit","1;2","59005a60e13d5dee28ce5334a0a827a4036e3407","59005a60e13d5dee28ce5334a0a827a4036e3407","aa09a9d4de8fb2c7eeae564b2e9c19a43b2f827bbdec4948b0494bd6bdb08a7c","141000"
"results/paired_acquisition_factorization_scanner_confounded_label_robustness_audit/scanner_confounded_summary.csv","b5a9886e77776942d133929c1592d1203229aa8c","experiment/scanner-confounded-label-robustness-audit","1;2","db96098f0f3624fad1954ab4889c5ae14f36d089","db96098f0f3624fad1954ab4889c5ae14f36d089","9a13ad99a9ef9e587345b7377f735d7d8f55559290ce8e7aac8b650542593498","68925"
"results/paired_acquisition_factorization_scanner_heldout_label_transfer_audit/experiment_design.json","535eea183ab7471bf661dd1abf122868f1ff56ac","experiment/scanner-heldout-label-transfer-audit","1;2","7d8fa5b33a1989f98e17e5d8c380e5fb0f605d94","7d8fa5b33a1989f98e17e5d8c380e5fb0f605d94","f25181f06f5d8f00b88a5eafbbf12a1cb9140822f8d7ea2b9ccf42bec81c8018","1358"
"results/paired_acquisition_factorization_scanner_heldout_label_transfer_audit/run_log.txt","535eea183ab7471bf661dd1abf122868f1ff56ac","experiment/scanner-heldout-label-transfer-audit","1;2","3f1aa9a04071534f97187aa5d54603baa8f17394","3f1aa9a04071534f97187aa5d54603baa8f17394","5dd85ffcd1b928aa2dbf33c1c876775692b156a0b599e41f983ad0e94fc2c586","8062"
"results/paired_acquisition_factorization_scanner_heldout_label_transfer_audit/scanner_heldout_label_transfer_report.md","535eea183ab7471bf661dd1abf122868f1ff56ac","experiment/scanner-heldout-label-transfer-audit","1;2","d26a1ecf1491eb5839f538594890c6be5c4e3d81","d26a1ecf1491eb5839f538594890c6be5c4e3d81","454b2253c42a337fce642bf2a3e7971205f868c0b859fb828bcd0e5255deb366","11379"
"results/paired_acquisition_factorization_scanner_heldout_label_transfer_audit/scanner_heldout_per_class_recall.csv","535eea183ab7471bf661dd1abf122868f1ff56ac","experiment/scanner-heldout-label-transfer-audit","1;2","54518602124809e3c62a5590f15bb9c3ab5049df","54518602124809e3c62a5590f15bb9c3ab5049df","173723b98246b21e82ddf6250931f2ca5f3a903551c5610b66f16e69d1cc9b19","5089"
"results/paired_acquisition_factorization_scanner_heldout_label_transfer_audit/scanner_heldout_per_scanner.csv","535eea183ab7471bf661dd1abf122868f1ff56ac","experiment/scanner-heldout-label-transfer-audit","1;2","ff19fef00c08adbc9071d5956e2e8804660bf13d","ff19fef00c08adbc9071d5956e2e8804660bf13d","d798a7f1f2310cb0b1fa6d758eaed04ee7e71bfd51f01fac9c74ecf979ea6a04","9800"
"results/paired_acquisition_factorization_scanner_heldout_label_transfer_audit/scanner_heldout_raw_metrics.csv","535eea183ab7471bf661dd1abf122868f1ff56ac","experiment/scanner-heldout-label-transfer-audit","1;2","4f188936af77f0a6ae3f986399fbab78015fc4b6","4f188936af77f0a6ae3f986399fbab78015fc4b6","9060f05a3c98f4e97c20bd6ce34c467353bd29ba47d9fcc5e89c937decb74770","133595"
"results/paired_acquisition_factorization_scanner_heldout_label_transfer_audit/scanner_heldout_summary.csv","535eea183ab7471bf661dd1abf122868f1ff56ac","experiment/scanner-heldout-label-transfer-audit","1;2","c0f2b85ca7fc90d6bb8b24528b645fc349c625fc","c0f2b85ca7fc90d6bb8b24528b645fc349c625fc","f5836e3695b357c8f289f5b146ab984a8851984d585577736b7f4bcf33144a2b","4282"
"results/paired_acquisition_factorization_scanner_heldout_label_transfer_audit/scanner_heldout_tradeoff_summary.csv","535eea183ab7471bf661dd1abf122868f1ff56ac","experiment/scanner-heldout-label-transfer-audit","1;2","e9568eed65274b520a60c3e58c676b22fc75c20a","e9568eed65274b520a60c3e58c676b22fc75c20a","ef31050e586814cb502c1d6c2f2eabd34ba0861074e67e5300ec2cc8c374476f","3111"
"results/paired_acquisition_factorization_unified_separation_scoreboard/experiment_design.json","1c5276978d2d5e83619c88684c9e02df3688d6e3","experiment/unified-separation-scoreboard","2;3;4","923785a25deef88c8b24051cc9b178a08de50543","923785a25deef88c8b24051cc9b178a08de50543","99c8bf81b0e7b5a20c92694e895f8b5932e67a83fd69b37f30e9d1db2fafb3b4","894"
"results/paired_acquisition_factorization_unified_separation_scoreboard/run_log.txt","1c5276978d2d5e83619c88684c9e02df3688d6e3","experiment/unified-separation-scoreboard","2;3;4","ab9a4e9ff6712ab712be9793c1f67e87efa687da","ab9a4e9ff6712ab712be9793c1f67e87efa687da","80840bd1ca1df02d9bfdf56a7ba9a491727e6a05732587100ded3cc2d641a06c","5264"
"results/paired_acquisition_factorization_unified_separation_scoreboard/unified_separation_scoreboard_key_metrics.csv","1c5276978d2d5e83619c88684c9e02df3688d6e3","experiment/unified-separation-scoreboard","2;3;4","450ebd73d8e55fe63f58c1c38b8b2cb3fb747c43","450ebd73d8e55fe63f58c1c38b8b2cb3fb747c43","101b349948c314388bb77ef7326632c7e61f9f1d10469487fa8d34dd30ea3a2b","2194"
"results/paired_acquisition_factorization_unified_separation_scoreboard/unified_separation_scoreboard_report.md","1c5276978d2d5e83619c88684c9e02df3688d6e3","experiment/unified-separation-scoreboard","2;3;4","d55c850450ae49d4f679252a8abef68f51388b2b","d55c850450ae49d4f679252a8abef68f51388b2b","f760d6f244847b2740d827b8770fe80f5c58b6861c438e64e4505c9bb537c96f","16624"
"results/paired_acquisition_factorization_unified_separation_scoreboard/unified_separation_scoreboard_sources.csv","1c5276978d2d5e83619c88684c9e02df3688d6e3","experiment/unified-separation-scoreboard","2;3;4","1091dc20a5ac0d210788a4b9846c80aa2d30202e","1091dc20a5ac0d210788a4b9846c80aa2d30202e","6102e502fcea957baeaa214dd59ba40b5b18f180a45ce6b17c8f5d29cb1f360c","5488"
"results/paired_acquisition_factorization_unified_separation_scoreboard/unified_separation_scoreboard.csv","1c5276978d2d5e83619c88684c9e02df3688d6e3","experiment/unified-separation-scoreboard","2;3;4","6fc85af8c890465665903f1c6fe14bb1e9fc8eef","6fc85af8c890465665903f1c6fe14bb1e9fc8eef","41d99807e0077600913df1c9528a05ff1f50b5bfa58cc27bc3133366e197f024","4510"
