policy,eval_group,split,center,n,accuracy,balanced_accuracy,macro_f1,auc,seed
downweight_dominant_center,split,id_val,all,3000,0.9126666666666666,0.9126666666666668,0.9126666278518346,0.9647248888888889,1
downweight_dominant_center,split,test,all,1000,0.889,0.889,0.8888932263905613,0.95782,1
downweight_dominant_center,split,train,all,3000,0.919,0.919,0.9189984789714384,0.9677475555555556,1
downweight_dominant_center,split,val,all,1000,0.821,0.821,0.818600998201211,0.917112,1
downweight_dominant_center,split_center,id_val,0,1000,0.89,0.89,0.8899255896986362,0.956292,1
downweight_dominant_center,split_center,id_val,3,1000,0.921,0.921,0.9208669773889908,0.97218,1
downweight_dominant_center,split_center,id_val,4,1000,0.927,0.927,0.9269788969012044,0.97604,1
downweight_dominant_center,split_center,test,2,1000,0.889,0.889,0.8888932263905613,0.95782,1
downweight_dominant_center,split_center,train,0,1000,0.908,0.908,0.907990799079908,0.968228,1
downweight_dominant_center,split_center,train,3,1000,0.913,0.913,0.9128807337244688,0.963616,1
downweight_dominant_center,split_center,train,4,1000,0.936,0.936,0.935987453540894,0.981636,1
downweight_dominant_center,split_center,val,1,1000,0.821,0.821,0.818600998201211,0.917112,1
equal_client,split,id_val,all,3000,0.9133333333333332,0.9133333333333332,0.9133314458848214,0.9662142222222224,1
equal_client,split,test,all,1000,0.895,0.895,0.8949233991579861,0.959368,1
equal_client,split,train,all,3000,0.9223333333333332,0.9223333333333332,0.9223227605979702,0.9689817777777778,1
equal_client,split,val,all,1000,0.825,0.825,0.8228169273620276,0.920984,1
equal_client,split_center,id_val,0,1000,0.898,0.898,0.8979800040807999,0.960284,1
equal_client,split_center,id_val,3,1000,0.918,0.918,0.917840940059956,0.97288,1
equal_client,split_center,id_val,4,1000,0.924,0.924,0.9239805390179886,0.976112,1
equal_client,split_center,test,2,1000,0.895,0.895,0.8949233991579861,0.959368,1
equal_client,split_center,train,0,1000,0.919,0.919,0.9189992709934388,0.972184,1
equal_client,split_center,train,3,1000,0.911,0.911,0.9108351341630676,0.963896,1
equal_client,split_center,train,4,1000,0.937,0.937,0.9369923760775054,0.981652,1
equal_client,split_center,val,1,1000,0.825,0.825,0.8228169273620276,0.920984,1
fedavg_equal_patch,split,id_val,all,3000,0.928,0.928,0.927999199991111,0.977912,1
fedavg_equal_patch,split,test,all,1000,0.813,0.813,0.8094230614401705,0.946076,1
fedavg_equal_patch,split,train,all,3000,0.9836666666666668,0.9836666666666668,0.9836657065731976,0.9981373333333332,1
fedavg_equal_patch,split,val,all,1000,0.87,0.87,0.869995319831514,0.935396,1
fedavg_equal_patch,split_center,id_val,0,1000,0.923,0.923,0.9229999229999232,0.977996,1
fedavg_equal_patch,split_center,id_val,3,1000,0.92,0.92,0.9199612612504452,0.968108,1
fedavg_equal_patch,split_center,id_val,4,1000,0.941,0.941,0.9409928601360764,0.9864,1
fedavg_equal_patch,split_center,test,2,1000,0.813,0.813,0.8094230614401705,0.946076,1
fedavg_equal_patch,split_center,train,0,1000,0.985,0.985,0.9849992649639832,0.997876,1
fedavg_equal_patch,split_center,train,3,1000,0.977,0.977,0.976996112342986,0.99728,1
fedavg_equal_patch,split_center,train,4,1000,0.989,0.989,0.9889999009991092,0.999112,1
fedavg_equal_patch,split_center,val,1,1000,0.87,0.87,0.869995319831514,0.935396,1
downweight_dominant_center,split,id_val,all,3000,0.9146666666666666,0.9146666666666668,0.9146648082558242,0.9667835555555556,2
downweight_dominant_center,split,test,all,1000,0.915,0.915,0.9149958347959052,0.9591,2
downweight_dominant_center,split,train,all,3000,0.9233333333333332,0.9233333333333332,0.923333299259244,0.9682933333333332,2
downweight_dominant_center,split,val,all,1000,0.827,0.827,0.8242539682539682,0.9264039999999998,2
downweight_dominant_center,split_center,id_val,0,1000,0.892,0.892,0.8919961118600269,0.963644,2
downweight_dominant_center,split_center,id_val,3,1000,0.92,0.92,0.9199074129693928,0.969816,2
downweight_dominant_center,split_center,id_val,4,1000,0.932,0.932,0.9319866693872,0.976964,2
downweight_dominant_center,split_center,test,2,1000,0.915,0.915,0.9149958347959052,0.9591,2
downweight_dominant_center,split_center,train,0,1000,0.885,0.885,0.8849860833160812,0.952588,2
downweight_dominant_center,split_center,train,3,1000,0.943,0.943,0.9429903653717476,0.978952,2
downweight_dominant_center,split_center,train,4,1000,0.942,0.942,0.942,0.979856,2
downweight_dominant_center,split_center,val,1,1000,0.827,0.827,0.8242539682539682,0.9264039999999998,2
equal_client,split,id_val,all,3000,0.9176666666666666,0.9176666666666666,0.9176589723550834,0.9680035555555556,2
equal_client,split,test,all,1000,0.92,0.92,0.92,0.959984,2
equal_client,split,train,all,3000,0.9253333333333332,0.9253333333333332,0.9253268284703912,0.9700875555555556,2
equal_client,split,val,all,1000,0.831,0.831,0.828488906073827,0.92978,2
equal_client,split_center,id_val,0,1000,0.899,0.899,0.898999898999899,0.967268,2
equal_client,split_center,id_val,3,1000,0.921,0.921,0.9208796579597568,0.970044,2
equal_client,split_center,id_val,4,1000,0.933,0.933,0.9329918920189344,0.977156,2
equal_client,split_center,test,2,1000,0.92,0.92,0.92,0.959984,2
equal_client,split_center,train,0,1000,0.899,0.899,0.8989974749368734,0.958,2
equal_client,split_center,train,3,1000,0.937,0.937,0.936977248786812,0.979488,2
equal_client,split_center,train,4,1000,0.94,0.94,0.93999903998464,0.980052,2
equal_client,split_center,val,1,1000,0.831,0.831,0.828488906073827,0.92978,2
fedavg_equal_patch,split,id_val,all,3000,0.934,0.934,0.9339970665362904,0.9780782222222222,2
fedavg_equal_patch,split,test,all,1000,0.816,0.8160000000000001,0.8123215014279885,0.954052,2
fedavg_equal_patch,split,train,all,3000,0.981,0.981,0.9809998289984608,0.9982231111111112,2
fedavg_equal_patch,split,val,all,1000,0.852,0.852,0.8518079430942501,0.921128,2
fedavg_equal_patch,split_center,id_val,0,1000,0.927,0.927,0.9269993429940868,0.979948,2
fedavg_equal_patch,split_center,id_val,3,1000,0.924,0.924,0.923931538384546,0.966212,2
fedavg_equal_patch,split_center,id_val,4,1000,0.951,0.951,0.9509975988823453,0.98804,2
fedavg_equal_patch,split_center,test,2,1000,0.816,0.8160000000000001,0.8123215014279885,0.954052,2
fedavg_equal_patch,split_center,train,0,1000,0.98,0.98,0.97999967999488,0.99794,2
fedavg_equal_patch,split_center,train,3,1000,0.984,0.984,0.983999743995904,0.998576,2
fedavg_equal_patch,split_center,train,4,1000,0.979,0.979,0.978999978999979,0.998176,2
fedavg_equal_patch,split_center,val,1,1000,0.852,0.852,0.8518079430942501,0.921128,2
downweight_dominant_center,split,id_val,all,3000,0.912,0.912,0.9119952673010416,0.9659524444444444,3
downweight_dominant_center,split,test,all,1000,0.923,0.923,0.9229999229999232,0.968888,3
downweight_dominant_center,split,train,all,3000,0.9156666666666666,0.9156666666666666,0.9156645582806237,0.9680431111111112,3
downweight_dominant_center,split,val,all,1000,0.831,0.831,0.828814127595264,0.926788,3
downweight_dominant_center,split_center,id_val,0,1000,0.888,0.888,0.8879713206580885,0.963092,3
downweight_dominant_center,split_center,id_val,3,1000,0.913,0.913,0.9128073915278851,0.97076,3
downweight_dominant_center,split_center,id_val,4,1000,0.935,0.935,0.9349947345735004,0.976552,3
downweight_dominant_center,split_center,test,2,1000,0.923,0.923,0.9229999229999232,0.968888,3
downweight_dominant_center,split_center,train,0,1000,0.905,0.905,0.9049923043766546,0.966808,3
downweight_dominant_center,split_center,train,3,1000,0.901,0.901,0.9009047694834736,0.964928,3
downweight_dominant_center,split_center,train,4,1000,0.941,0.941,0.940997108858334,0.980544,3
downweight_dominant_center,split_center,val,1,1000,0.831,0.831,0.828814127595264,0.926788,3
equal_client,split,id_val,all,3000,0.913,0.913,0.9129821226605332,0.9669484444444444,3
equal_client,split,test,all,1000,0.927,0.927,0.9269964228247184,0.96894,3
equal_client,split,train,all,3000,0.9183333333333332,0.9183333333333332,0.9183246122169268,0.969308,3
equal_client,split,val,all,1000,0.831,0.831,0.828891775566758,0.92782,3
equal_client,split_center,id_val,0,1000,0.894,0.894,0.893996183862619,0.965804,3
equal_client,split_center,id_val,3,1000,0.912,0.912,0.911723163841808,0.97132,3
equal_client,split_center,id_val,4,1000,0.933,0.933,0.9329967168391252,0.97664,3
equal_client,split_center,test,2,1000,0.927,0.927,0.9269964228247184,0.96894,3
equal_client,split_center,train,0,1000,0.91,0.91,0.90999963999856,0.970304,3
equal_client,split_center,train,3,1000,0.903,0.903,0.9028810292608443,0.965488,3
equal_client,split_center,train,4,1000,0.942,0.942,0.941999767999072,0.98042,3
equal_client,split_center,val,1,1000,0.831,0.831,0.828891775566758,0.92782,3
fedavg_equal_patch,split,id_val,all,3000,0.9266666666666666,0.9266666666666666,0.9266640265716232,0.9774644444444444,3
fedavg_equal_patch,split,test,all,1000,0.852,0.852,0.8501872659176031,0.965508,3
fedavg_equal_patch,split,train,all,3000,0.9816666666666668,0.9816666666666668,0.9816659312667986,0.9985048888888888,3
fedavg_equal_patch,split,val,all,1000,0.871,0.871,0.87085936584941,0.924232,3
fedavg_equal_patch,split_center,id_val,0,1000,0.918,0.918,0.9179839248492704,0.977504,3
fedavg_equal_patch,split_center,id_val,3,1000,0.924,0.924,0.923931538384546,0.972284,3
fedavg_equal_patch,split_center,id_val,4,1000,0.938,0.938,0.937999751999008,0.984972,3
fedavg_equal_patch,split_center,test,2,1000,0.852,0.852,0.8501872659176031,0.965508,3
fedavg_equal_patch,split_center,train,0,1000,0.982,0.982,0.981998199819982,0.997892,3
fedavg_equal_patch,split_center,train,3,1000,0.979,0.979,0.9789998109982988,0.998268,3
fedavg_equal_patch,split_center,train,4,1000,0.984,0.984,0.9839994239792632,0.99916,3
fedavg_equal_patch,split_center,val,1,1000,0.871,0.871,0.87085936584941,0.924232,3
downweight_dominant_center,split,id_val,all,3000,0.9116666666666666,0.9116666666666666,0.9116614743244352,0.9650275555555556,4
downweight_dominant_center,split,test,all,1000,0.917,0.917,0.9169979249481236,0.965968,4
downweight_dominant_center,split,train,all,3000,0.914,0.914,0.9139999617777608,0.9700853333333332,4
downweight_dominant_center,split,val,all,1000,0.826,0.826,0.823101698223697,0.921636,4
downweight_dominant_center,split_center,id_val,0,1000,0.9,0.9,0.8999675894989977,0.964424,4
downweight_dominant_center,split_center,id_val,3,1000,0.924,0.924,0.923922096226536,0.975732,4
downweight_dominant_center,split_center,id_val,4,1000,0.911,0.911,0.9109927904160238,0.96108,4
downweight_dominant_center,split_center,test,2,1000,0.917,0.917,0.9169979249481236,0.965968,4
downweight_dominant_center,split_center,train,0,1000,0.892,0.892,0.8919477026881011,0.9645,4
downweight_dominant_center,split_center,train,3,1000,0.917,0.917,0.9169394488582177,0.974824,4
downweight_dominant_center,split_center,train,4,1000,0.933,0.933,0.9329993969945728,0.976832,4
downweight_dominant_center,split_center,val,1,1000,0.826,0.826,0.823101698223697,0.921636,4
equal_client,split,id_val,all,3000,0.9143333333333332,0.9143333333333332,0.9143157299760808,0.9664075555555556,4
equal_client,split,test,all,1000,0.917,0.917,0.9169959328007072,0.96672,4
equal_client,split,train,all,3000,0.9176666666666666,0.9176666666666666,0.9176640227669532,0.97152,4
equal_client,split,val,all,1000,0.827,0.827,0.8241639401913463,0.924204,4
equal_client,split_center,id_val,0,1000,0.905,0.905,0.9049923043766546,0.967736,4
equal_client,split_center,id_val,3,1000,0.925,0.925,0.924908012315086,0.976396,4
equal_client,split_center,id_val,4,1000,0.913,0.913,0.9129748497315724,0.96086,4
equal_client,split_center,test,2,1000,0.917,0.917,0.9169959328007072,0.96672,4
equal_client,split_center,train,0,1000,0.902,0.902,0.901980788234494,0.96818,4
equal_client,split_center,train,3,1000,0.917,0.917,0.9169095144612482,0.975584,4
equal_client,split_center,train,4,1000,0.934,0.934,0.933999735998944,0.977056,4
equal_client,split_center,val,1,1000,0.827,0.827,0.8241639401913463,0.924204,4
fedavg_equal_patch,split,id_val,all,3000,0.9306666666666666,0.9306666666666666,0.9306407417172374,0.9785742222222222,4
fedavg_equal_patch,split,test,all,1000,0.849,0.849,0.8466031746031746,0.962848,4
fedavg_equal_patch,split,train,all,3000,0.9783333333333334,0.9783333333333332,0.9783330420331208,0.9978417777777776,4
fedavg_equal_patch,split,val,all,1000,0.865,0.865,0.8647499226069002,0.923952,4
fedavg_equal_patch,split_center,id_val,0,1000,0.929,0.929,0.9289942485341312,0.980024,4
fedavg_equal_patch,split_center,id_val,3,1000,0.931,0.931,0.9309634796807512,0.977912,4
fedavg_equal_patch,split_center,id_val,4,1000,0.932,0.932,0.9319540009046114,0.979084,4
fedavg_equal_patch,split_center,test,2,1000,0.849,0.849,0.8466031746031746,0.962848,4
fedavg_equal_patch,split_center,train,0,1000,0.982,0.982,0.982,0.997732,4
fedavg_equal_patch,split_center,train,3,1000,0.975,0.975,0.974998774939972,0.998204,4
fedavg_equal_patch,split_center,train,4,1000,0.978,0.978,0.977999647994368,0.99762,4
fedavg_equal_patch,split_center,val,1,1000,0.865,0.865,0.8647499226069002,0.923952,4
downweight_dominant_center,split,id_val,all,3000,0.9113333333333332,0.9113333333333332,0.9113232438890824,0.963988888888889,5
downweight_dominant_center,split,test,all,1000,0.903,0.903,0.9029952467670916,0.96252,5
downweight_dominant_center,split,train,all,3000,0.9103333333333332,0.9103333333333332,0.9103271060490312,0.9651368888888888,5
downweight_dominant_center,split,val,all,1000,0.818,0.8180000000000001,0.8144667039092477,0.920164,5
downweight_dominant_center,split_center,id_val,0,1000,0.881,0.881,0.8809989289903609,0.952972,5
downweight_dominant_center,split_center,id_val,3,1000,0.922,0.922,0.9219550461065572,0.97264,5
downweight_dominant_center,split_center,id_val,4,1000,0.931,0.931,0.930998274956874,0.973004,5
downweight_dominant_center,split_center,test,2,1000,0.903,0.903,0.9029952467670916,0.96252,5
downweight_dominant_center,split_center,train,0,1000,0.896,0.896,0.8959796120039527,0.964856,5
downweight_dominant_center,split_center,train,3,1000,0.897,0.897,0.896858799696785,0.964092,5
downweight_dominant_center,split_center,train,4,1000,0.938,0.938,0.937999751999008,0.977592,5
downweight_dominant_center,split_center,val,1,1000,0.818,0.8180000000000001,0.8144667039092477,0.920164,5
equal_client,split,id_val,all,3000,0.9163333333333332,0.9163333333333332,0.9163072118842426,0.964788,5
equal_client,split,test,all,1000,0.907,0.907,0.9069999069999072,0.963492,5
equal_client,split,train,all,3000,0.9136666666666666,0.9136666666666666,0.913647237295058,0.9664035555555556,5
equal_client,split,val,all,1000,0.815,0.815,0.8115657864582007,0.923908,5
equal_client,split_center,id_val,0,1000,0.89,0.89,0.8899784357734115,0.956392,5
equal_client,split_center,id_val,3,1000,0.927,0.927,0.9269297795181168,0.972956,5
equal_client,split_center,id_val,4,1000,0.932,0.932,0.9319956477214542,0.972744,5
equal_client,split_center,test,2,1000,0.907,0.907,0.9069999069999072,0.963492,5
equal_client,split_center,train,0,1000,0.906,0.906,0.9059984959759356,0.96882,5
equal_client,split_center,train,3,1000,0.896,0.8959999999999999,0.8957982654418956,0.964424,5
equal_client,split_center,train,4,1000,0.939,0.939,0.938998474961874,0.977424,5
equal_client,split_center,val,1,1000,0.815,0.815,0.8115657864582007,0.923908,5
fedavg_equal_patch,split,id_val,all,3000,0.9323333333333332,0.9323333333333332,0.9323278518893364,0.9745715555555556,5
fedavg_equal_patch,split,test,all,1000,0.826,0.826,0.8232827962755326,0.94844,5
fedavg_equal_patch,split,train,all,3000,0.9783333333333334,0.9783333333333332,0.9783322716146424,0.9974133333333334,5
fedavg_equal_patch,split,val,all,1000,0.876,0.876,0.87582068506924,0.929816,5
fedavg_equal_patch,split_center,id_val,0,1000,0.922,0.922,0.921988766382359,0.971876,5
fedavg_equal_patch,split_center,id_val,3,1000,0.93,0.93,0.9299955197132616,0.968252,5
fedavg_equal_patch,split_center,id_val,4,1000,0.945,0.945,0.9449973048679384,0.983592,5
fedavg_equal_patch,split_center,test,2,1000,0.826,0.826,0.8232827962755326,0.94844,5
fedavg_equal_patch,split_center,train,0,1000,0.977,0.977,0.976999792998137,0.997808,5
fedavg_equal_patch,split_center,train,3,1000,0.976,0.976,0.975997599759976,0.99724,5
fedavg_equal_patch,split_center,train,4,1000,0.982,0.982,0.9819988479262672,0.997392,5
fedavg_equal_patch,split_center,val,1,1000,0.876,0.876,0.87582068506924,0.929816,5
