alternative,min_val_gain,max_id_val_cost,switched_mean,switched_std,id_val_accuracy_chosen_minus_fedavg_mean,id_val_accuracy_chosen_minus_fedavg_std,val_accuracy_chosen_minus_fedavg_mean,val_accuracy_chosen_minus_fedavg_std,test_accuracy_chosen_minus_fedavg_mean,test_accuracy_chosen_minus_fedavg_std,test_macro_f1_chosen_minus_fedavg_mean,test_macro_f1_chosen_minus_fedavg_std,test_auc_chosen_minus_fedavg_mean,test_auc_chosen_minus_fedavg_std,robust_positive
downweight_dominant_center,-0.07,0.01,0.0,0.0,0.0,0.0,0.0,0.0,0.0,0.0,0.0,0.0,0.0,0.0,False
downweight_dominant_center,-0.07,0.015,0.2,0.447213595499958,-0.0029333333333333212,0.006559132733999355,-0.008000000000000007,0.017888543819998336,0.014200000000000013,0.03175216528049704,0.01456253141646402,0.032562810171689854,0.0006759999999999877,0.0015115819527898302,False
downweight_dominant_center,-0.07,0.02,0.8,0.4472135954999579,-0.013666666666666693,0.00792324288266983,-0.030600000000000026,0.019138965489283913,0.06280000000000005,0.03715777173082372,0.06507038114911531,0.03854820761996573,0.004658399999999974,0.004360595922577548,True
downweight_dominant_center,-0.07,0.025,1.0,0.0,-0.017866666666666697,0.0027345525735991746,-0.042200000000000036,0.01231665539016174,0.07820000000000008,0.012194260945215182,0.08101287124742713,0.012779651618020292,0.007474399999999992,0.005086151865605315,True
downweight_dominant_center,-0.07,0.03,1.0,0.0,-0.017866666666666697,0.0027345525735991746,-0.042200000000000036,0.01231665539016174,0.07820000000000008,0.012194260945215182,0.08101287124742713,0.012779651618020292,0.007474399999999992,0.005086151865605315,True
downweight_dominant_center,-0.07,0.04,1.0,0.0,-0.017866666666666697,0.0027345525735991746,-0.042200000000000036,0.01231665539016174,0.07820000000000008,0.012194260945215182,0.08101287124742713,0.012779651618020292,0.007474399999999992,0.005086151865605315,True
downweight_dominant_center,-0.07,0.05,1.0,0.0,-0.017866666666666697,0.0027345525735991746,-0.042200000000000036,0.01231665539016174,0.07820000000000008,0.012194260945215182,0.08101287124742713,0.012779651618020292,0.007474399999999992,0.005086151865605315,True
downweight_dominant_center,-0.06,0.01,0.0,0.0,0.0,0.0,0.0,0.0,0.0,0.0,0.0,0.0,0.0,0.0,False
downweight_dominant_center,-0.06,0.015,0.2,0.447213595499958,-0.0029333333333333212,0.006559132733999355,-0.008000000000000007,0.017888543819998336,0.014200000000000013,0.03175216528049704,0.01456253141646402,0.032562810171689854,0.0006759999999999877,0.0015115819527898302,False
downweight_dominant_center,-0.06,0.02,0.8,0.4472135954999579,-0.013666666666666693,0.00792324288266983,-0.030600000000000026,0.019138965489283913,0.06280000000000005,0.03715777173082372,0.06507038114911531,0.03854820761996573,0.004658399999999974,0.004360595922577548,True
downweight_dominant_center,-0.06,0.025,1.0,0.0,-0.017866666666666697,0.0027345525735991746,-0.042200000000000036,0.01231665539016174,0.07820000000000008,0.012194260945215182,0.08101287124742713,0.012779651618020292,0.007474399999999992,0.005086151865605315,True
downweight_dominant_center,-0.06,0.03,1.0,0.0,-0.017866666666666697,0.0027345525735991746,-0.042200000000000036,0.01231665539016174,0.07820000000000008,0.012194260945215182,0.08101287124742713,0.012779651618020292,0.007474399999999992,0.005086151865605315,True
downweight_dominant_center,-0.06,0.04,1.0,0.0,-0.017866666666666697,0.0027345525735991746,-0.042200000000000036,0.01231665539016174,0.07820000000000008,0.012194260945215182,0.08101287124742713,0.012779651618020292,0.007474399999999992,0.005086151865605315,True
downweight_dominant_center,-0.06,0.05,1.0,0.0,-0.017866666666666697,0.0027345525735991746,-0.042200000000000036,0.01231665539016174,0.07820000000000008,0.012194260945215182,0.08101287124742713,0.012779651618020292,0.007474399999999992,0.005086151865605315,True
downweight_dominant_center,-0.05,0.01,0.0,0.0,0.0,0.0,0.0,0.0,0.0,0.0,0.0,0.0,0.0,0.0,False
downweight_dominant_center,-0.05,0.015,0.2,0.447213595499958,-0.0029333333333333212,0.006559132733999355,-0.008000000000000007,0.017888543819998336,0.014200000000000013,0.03175216528049704,0.01456253141646402,0.032562810171689854,0.0006759999999999877,0.0015115819527898302,False
downweight_dominant_center,-0.05,0.02,0.8,0.4472135954999579,-0.013666666666666693,0.00792324288266983,-0.030600000000000026,0.019138965489283913,0.06280000000000005,0.03715777173082372,0.06507038114911531,0.03854820761996573,0.004658399999999974,0.004360595922577548,True
downweight_dominant_center,-0.05,0.025,0.8,0.4472135954999579,-0.013666666666666693,0.00792324288266983,-0.030600000000000026,0.019138965489283913,0.06280000000000005,0.03715777173082372,0.06507038114911531,0.03854820761996573,0.004658399999999974,0.004360595922577548,True
downweight_dominant_center,-0.05,0.03,0.8,0.4472135954999579,-0.013666666666666693,0.00792324288266983,-0.030600000000000026,0.019138965489283913,0.06280000000000005,0.03715777173082372,0.06507038114911531,0.03854820761996573,0.004658399999999974,0.004360595922577548,True
downweight_dominant_center,-0.05,0.04,0.8,0.4472135954999579,-0.013666666666666693,0.00792324288266983,-0.030600000000000026,0.019138965489283913,0.06280000000000005,0.03715777173082372,0.06507038114911531,0.03854820761996573,0.004658399999999974,0.004360595922577548,True
downweight_dominant_center,-0.05,0.05,0.8,0.4472135954999579,-0.013666666666666693,0.00792324288266983,-0.030600000000000026,0.019138965489283913,0.06280000000000005,0.03715777173082372,0.06507038114911531,0.03854820761996573,0.004658399999999974,0.004360595922577548,True
downweight_dominant_center,-0.04,0.01,0.0,0.0,0.0,0.0,0.0,0.0,0.0,0.0,0.0,0.0,0.0,0.0,False
downweight_dominant_center,-0.04,0.015,0.0,0.0,0.0,0.0,0.0,0.0,0.0,0.0,0.0,0.0,0.0,0.0,False
downweight_dominant_center,-0.04,0.02,0.4,0.5477225575051661,-0.007666666666666688,0.01049867716534911,-0.012800000000000011,0.018212632978237952,0.03340000000000003,0.0470297778008785,0.034613816742573134,0.04875155910643167,0.0016335999999999907,0.0023384535060590596,True
downweight_dominant_center,-0.04,0.025,0.4,0.5477225575051661,-0.007666666666666688,0.01049867716534911,-0.012800000000000011,0.018212632978237952,0.03340000000000003,0.0470297778008785,0.034613816742573134,0.04875155910643167,0.0016335999999999907,0.0023384535060590596,True
downweight_dominant_center,-0.04,0.03,0.4,0.5477225575051661,-0.007666666666666688,0.01049867716534911,-0.012800000000000011,0.018212632978237952,0.03340000000000003,0.0470297778008785,0.034613816742573134,0.04875155910643167,0.0016335999999999907,0.0023384535060590596,True
downweight_dominant_center,-0.04,0.04,0.4,0.5477225575051661,-0.007666666666666688,0.01049867716534911,-0.012800000000000011,0.018212632978237952,0.03340000000000003,0.0470297778008785,0.034613816742573134,0.04875155910643167,0.0016335999999999907,0.0023384535060590596,True
downweight_dominant_center,-0.04,0.05,0.4,0.5477225575051661,-0.007666666666666688,0.01049867716534911,-0.012800000000000011,0.018212632978237952,0.03340000000000003,0.0470297778008785,0.034613816742573134,0.04875155910643167,0.0016335999999999907,0.0023384535060590596,True
downweight_dominant_center,-0.03,0.01,0.0,0.0,0.0,0.0,0.0,0.0,0.0,0.0,0.0,0.0,0.0,0.0,False
downweight_dominant_center,-0.03,0.015,0.0,0.0,0.0,0.0,0.0,0.0,0.0,0.0,0.0,0.0,0.0,0.0,False
downweight_dominant_center,-0.03,0.02,0.2,0.447213595499958,-0.003866666666666685,0.008646129512999227,-0.0050000000000000044,0.011180339887498959,0.01980000000000002,0.04427414595449588,0.02053486667358333,0.04591735779102731,0.0010095999999999883,0.0022575342300837613,False
downweight_dominant_center,-0.03,0.025,0.2,0.447213595499958,-0.003866666666666685,0.008646129512999227,-0.0050000000000000044,0.011180339887498959,0.01980000000000002,0.04427414595449588,0.02053486667358333,0.04591735779102731,0.0010095999999999883,0.0022575342300837613,False
downweight_dominant_center,-0.03,0.03,0.2,0.447213595499958,-0.003866666666666685,0.008646129512999227,-0.0050000000000000044,0.011180339887498959,0.01980000000000002,0.04427414595449588,0.02053486667358333,0.04591735779102731,0.0010095999999999883,0.0022575342300837613,False
downweight_dominant_center,-0.03,0.04,0.2,0.447213595499958,-0.003866666666666685,0.008646129512999227,-0.0050000000000000044,0.011180339887498959,0.01980000000000002,0.04427414595449588,0.02053486667358333,0.04591735779102731,0.0010095999999999883,0.0022575342300837613,False
downweight_dominant_center,-0.03,0.05,0.2,0.447213595499958,-0.003866666666666685,0.008646129512999227,-0.0050000000000000044,0.011180339887498959,0.01980000000000002,0.04427414595449588,0.02053486667358333,0.04591735779102731,0.0010095999999999883,0.0022575342300837613,False
downweight_dominant_center,-0.02,0.01,0.0,0.0,0.0,0.0,0.0,0.0,0.0,0.0,0.0,0.0,0.0,0.0,False
downweight_dominant_center,-0.02,0.015,0.0,0.0,0.0,0.0,0.0,0.0,0.0,0.0,0.0,0.0,0.0,0.0,False
downweight_dominant_center,-0.02,0.02,0.0,0.0,0.0,0.0,0.0,0.0,0.0,0.0,0.0,0.0,0.0,0.0,False
downweight_dominant_center,-0.02,0.025,0.0,0.0,0.0,0.0,0.0,0.0,0.0,0.0,0.0,0.0,0.0,0.0,False
downweight_dominant_center,-0.02,0.03,0.0,0.0,0.0,0.0,0.0,0.0,0.0,0.0,0.0,0.0,0.0,0.0,False
downweight_dominant_center,-0.02,0.04,0.0,0.0,0.0,0.0,0.0,0.0,0.0,0.0,0.0,0.0,0.0,0.0,False
downweight_dominant_center,-0.02,0.05,0.0,0.0,0.0,0.0,0.0,0.0,0.0,0.0,0.0,0.0,0.0,0.0,False
downweight_dominant_center,-0.01,0.01,0.0,0.0,0.0,0.0,0.0,0.0,0.0,0.0,0.0,0.0,0.0,0.0,False
downweight_dominant_center,-0.01,0.015,0.0,0.0,0.0,0.0,0.0,0.0,0.0,0.0,0.0,0.0,0.0,0.0,False
downweight_dominant_center,-0.01,0.02,0.0,0.0,0.0,0.0,0.0,0.0,0.0,0.0,0.0,0.0,0.0,0.0,False
downweight_dominant_center,-0.01,0.025,0.0,0.0,0.0,0.0,0.0,0.0,0.0,0.0,0.0,0.0,0.0,0.0,False
downweight_dominant_center,-0.01,0.03,0.0,0.0,0.0,0.0,0.0,0.0,0.0,0.0,0.0,0.0,0.0,0.0,False
downweight_dominant_center,-0.01,0.04,0.0,0.0,0.0,0.0,0.0,0.0,0.0,0.0,0.0,0.0,0.0,0.0,False
downweight_dominant_center,-0.01,0.05,0.0,0.0,0.0,0.0,0.0,0.0,0.0,0.0,0.0,0.0,0.0,0.0,False
downweight_dominant_center,0.0,0.01,0.0,0.0,0.0,0.0,0.0,0.0,0.0,0.0,0.0,0.0,0.0,0.0,False
downweight_dominant_center,0.0,0.015,0.0,0.0,0.0,0.0,0.0,0.0,0.0,0.0,0.0,0.0,0.0,0.0,False
downweight_dominant_center,0.0,0.02,0.0,0.0,0.0,0.0,0.0,0.0,0.0,0.0,0.0,0.0,0.0,0.0,False
downweight_dominant_center,0.0,0.025,0.0,0.0,0.0,0.0,0.0,0.0,0.0,0.0,0.0,0.0,0.0,0.0,False
downweight_dominant_center,0.0,0.03,0.0,0.0,0.0,0.0,0.0,0.0,0.0,0.0,0.0,0.0,0.0,0.0,False
downweight_dominant_center,0.0,0.04,0.0,0.0,0.0,0.0,0.0,0.0,0.0,0.0,0.0,0.0,0.0,0.0,False
downweight_dominant_center,0.0,0.05,0.0,0.0,0.0,0.0,0.0,0.0,0.0,0.0,0.0,0.0,0.0,0.0,False
equal_client,-0.07,0.01,0.0,0.0,0.0,0.0,0.0,0.0,0.0,0.0,0.0,0.0,0.0,0.0,False
equal_client,-0.07,0.015,0.4,0.5477225575051661,-0.005666666666666686,0.00776745346515406,-0.017000000000000015,0.023345235059857524,0.031400000000000025,0.043067389054828986,0.03246189892498619,0.044556368583969816,0.0033447999999999924,0.005755811254723338,True
equal_client,-0.07,0.02,1.0,0.0,-0.015400000000000058,0.001187901978747065,-0.041000000000000036,0.014370107863199926,0.08200000000000007,0.013509256086106309,0.08481957242376995,0.014111246342038647,0.00831599999999999,0.005463980234224889,True
equal_client,-0.07,0.025,1.0,0.0,-0.015400000000000058,0.001187901978747065,-0.041000000000000036,0.014370107863199926,0.08200000000000007,0.013509256086106309,0.08481957242376995,0.014111246342038647,0.00831599999999999,0.005463980234224889,True
equal_client,-0.07,0.03,1.0,0.0,-0.015400000000000058,0.001187901978747065,-0.041000000000000036,0.014370107863199926,0.08200000000000007,0.013509256086106309,0.08481957242376995,0.014111246342038647,0.00831599999999999,0.005463980234224889,True
equal_client,-0.07,0.04,1.0,0.0,-0.015400000000000058,0.001187901978747065,-0.041000000000000036,0.014370107863199926,0.08200000000000007,0.013509256086106309,0.08481957242376995,0.014111246342038647,0.00831599999999999,0.005463980234224889,True
equal_client,-0.07,0.05,1.0,0.0,-0.015400000000000058,0.001187901978747065,-0.041000000000000036,0.014370107863199926,0.08200000000000007,0.013509256086106309,0.08481957242376995,0.014111246342038647,0.00831599999999999,0.005463980234224889,True
equal_client,-0.06,0.01,0.0,0.0,0.0,0.0,0.0,0.0,0.0,0.0,0.0,0.0,0.0,0.0,False
equal_client,-0.06,0.015,0.4,0.5477225575051661,-0.005666666666666686,0.00776745346515406,-0.017000000000000015,0.023345235059857524,0.031400000000000025,0.043067389054828986,0.03246189892498619,0.044556368583969816,0.0033447999999999924,0.005755811254723338,True
equal_client,-0.06,0.02,0.8,0.4472135954999579,-0.012200000000000055,0.006914557911472839,-0.028800000000000027,0.01845806056984321,0.06580000000000005,0.03918162834798986,0.06807615027889502,0.040583071015042334,0.005305599999999977,0.004946967232557729,True
equal_client,-0.06,0.025,0.8,0.4472135954999579,-0.012200000000000055,0.006914557911472839,-0.028800000000000027,0.01845806056984321,0.06580000000000005,0.03918162834798986,0.06807615027889502,0.040583071015042334,0.005305599999999977,0.004946967232557729,True
equal_client,-0.06,0.03,0.8,0.4472135954999579,-0.012200000000000055,0.006914557911472839,-0.028800000000000027,0.01845806056984321,0.06580000000000005,0.03918162834798986,0.06807615027889502,0.040583071015042334,0.005305599999999977,0.004946967232557729,True
equal_client,-0.06,0.04,0.8,0.4472135954999579,-0.012200000000000055,0.006914557911472839,-0.028800000000000027,0.01845806056984321,0.06580000000000005,0.03918162834798986,0.06807615027889502,0.040583071015042334,0.005305599999999977,0.004946967232557729,True
equal_client,-0.06,0.05,0.8,0.4472135954999579,-0.012200000000000055,0.006914557911472839,-0.028800000000000027,0.01845806056984321,0.06580000000000005,0.03918162834798986,0.06807615027889502,0.040583071015042334,0.005305599999999977,0.004946967232557729,True
equal_client,-0.05,0.01,0.0,0.0,0.0,0.0,0.0,0.0,0.0,0.0,0.0,0.0,0.0,0.0,False
equal_client,-0.05,0.015,0.4,0.5477225575051661,-0.005666666666666686,0.00776745346515406,-0.017000000000000015,0.023345235059857524,0.031400000000000025,0.043067389054828986,0.03246189892498619,0.044556368583969816,0.0033447999999999924,0.005755811254723338,True
equal_client,-0.05,0.02,0.8,0.4472135954999579,-0.012200000000000055,0.006914557911472839,-0.028800000000000027,0.01845806056984321,0.06580000000000005,0.03918162834798986,0.06807615027889502,0.040583071015042334,0.005305599999999977,0.004946967232557729,True
equal_client,-0.05,0.025,0.8,0.4472135954999579,-0.012200000000000055,0.006914557911472839,-0.028800000000000027,0.01845806056984321,0.06580000000000005,0.03918162834798986,0.06807615027889502,0.040583071015042334,0.005305599999999977,0.004946967232557729,True
equal_client,-0.05,0.03,0.8,0.4472135954999579,-0.012200000000000055,0.006914557911472839,-0.028800000000000027,0.01845806056984321,0.06580000000000005,0.03918162834798986,0.06807615027889502,0.040583071015042334,0.005305599999999977,0.004946967232557729,True
equal_client,-0.05,0.04,0.8,0.4472135954999579,-0.012200000000000055,0.006914557911472839,-0.028800000000000027,0.01845806056984321,0.06580000000000005,0.03918162834798986,0.06807615027889502,0.040583071015042334,0.005305599999999977,0.004946967232557729,True
equal_client,-0.05,0.05,0.8,0.4472135954999579,-0.012200000000000055,0.006914557911472839,-0.028800000000000027,0.01845806056984321,0.06580000000000005,0.03918162834798986,0.06807615027889502,0.040583071015042334,0.005305599999999977,0.004946967232557729,True
equal_client,-0.04,0.01,0.0,0.0,0.0,0.0,0.0,0.0,0.0,0.0,0.0,0.0,0.0,0.0,False
equal_client,-0.04,0.015,0.0,0.0,0.0,0.0,0.0,0.0,0.0,0.0,0.0,0.0,0.0,0.0,False
equal_client,-0.04,0.02,0.4,0.5477225575051661,-0.006533333333333368,0.008946135105917762,-0.01180000000000001,0.017239489551607975,0.03440000000000003,0.04879344218232614,0.03561425135390883,0.05051713809164668,0.0019607999999999848,0.002781965348454194,True
equal_client,-0.04,0.025,0.4,0.5477225575051661,-0.006533333333333368,0.008946135105917762,-0.01180000000000001,0.017239489551607975,0.03440000000000003,0.04879344218232614,0.03561425135390883,0.05051713809164668,0.0019607999999999848,0.002781965348454194,True
equal_client,-0.04,0.03,0.4,0.5477225575051661,-0.006533333333333368,0.008946135105917762,-0.01180000000000001,0.017239489551607975,0.03440000000000003,0.04879344218232614,0.03561425135390883,0.05051713809164668,0.0019607999999999848,0.002781965348454194,True
equal_client,-0.04,0.04,0.4,0.5477225575051661,-0.006533333333333368,0.008946135105917762,-0.01180000000000001,0.017239489551607975,0.03440000000000003,0.04879344218232614,0.03561425135390883,0.05051713809164668,0.0019607999999999848,0.002781965348454194,True
equal_client,-0.04,0.05,0.4,0.5477225575051661,-0.006533333333333368,0.008946135105917762,-0.01180000000000001,0.017239489551607975,0.03440000000000003,0.04879344218232614,0.03561425135390883,0.05051713809164668,0.0019607999999999848,0.002781965348454194,True
equal_client,-0.03,0.01,0.0,0.0,0.0,0.0,0.0,0.0,0.0,0.0,0.0,0.0,0.0,0.0,False
equal_client,-0.03,0.015,0.0,0.0,0.0,0.0,0.0,0.0,0.0,0.0,0.0,0.0,0.0,0.0,False
equal_client,-0.03,0.02,0.2,0.447213595499958,-0.003266666666666684,0.0073044887264993525,-0.004200000000000004,0.009391485505499125,0.02080000000000002,0.04651021393199567,0.0215356997144023,0.04815528850442635,0.0011863999999999874,0.0026528710485057227,False
equal_client,-0.03,0.025,0.2,0.447213595499958,-0.003266666666666684,0.0073044887264993525,-0.004200000000000004,0.009391485505499125,0.02080000000000002,0.04651021393199567,0.0215356997144023,0.04815528850442635,0.0011863999999999874,0.0026528710485057227,False
equal_client,-0.03,0.03,0.2,0.447213595499958,-0.003266666666666684,0.0073044887264993525,-0.004200000000000004,0.009391485505499125,0.02080000000000002,0.04651021393199567,0.0215356997144023,0.04815528850442635,0.0011863999999999874,0.0026528710485057227,False
equal_client,-0.03,0.04,0.2,0.447213595499958,-0.003266666666666684,0.0073044887264993525,-0.004200000000000004,0.009391485505499125,0.02080000000000002,0.04651021393199567,0.0215356997144023,0.04815528850442635,0.0011863999999999874,0.0026528710485057227,False
equal_client,-0.03,0.05,0.2,0.447213595499958,-0.003266666666666684,0.0073044887264993525,-0.004200000000000004,0.009391485505499125,0.02080000000000002,0.04651021393199567,0.0215356997144023,0.04815528850442635,0.0011863999999999874,0.0026528710485057227,False
equal_client,-0.02,0.01,0.0,0.0,0.0,0.0,0.0,0.0,0.0,0.0,0.0,0.0,0.0,0.0,False
equal_client,-0.02,0.015,0.0,0.0,0.0,0.0,0.0,0.0,0.0,0.0,0.0,0.0,0.0,0.0,False
equal_client,-0.02,0.02,0.0,0.0,0.0,0.0,0.0,0.0,0.0,0.0,0.0,0.0,0.0,0.0,False
equal_client,-0.02,0.025,0.0,0.0,0.0,0.0,0.0,0.0,0.0,0.0,0.0,0.0,0.0,0.0,False
equal_client,-0.02,0.03,0.0,0.0,0.0,0.0,0.0,0.0,0.0,0.0,0.0,0.0,0.0,0.0,False
equal_client,-0.02,0.04,0.0,0.0,0.0,0.0,0.0,0.0,0.0,0.0,0.0,0.0,0.0,0.0,False
equal_client,-0.02,0.05,0.0,0.0,0.0,0.0,0.0,0.0,0.0,0.0,0.0,0.0,0.0,0.0,False
equal_client,-0.01,0.01,0.0,0.0,0.0,0.0,0.0,0.0,0.0,0.0,0.0,0.0,0.0,0.0,False
equal_client,-0.01,0.015,0.0,0.0,0.0,0.0,0.0,0.0,0.0,0.0,0.0,0.0,0.0,0.0,False
equal_client,-0.01,0.02,0.0,0.0,0.0,0.0,0.0,0.0,0.0,0.0,0.0,0.0,0.0,0.0,False
equal_client,-0.01,0.025,0.0,0.0,0.0,0.0,0.0,0.0,0.0,0.0,0.0,0.0,0.0,0.0,False
equal_client,-0.01,0.03,0.0,0.0,0.0,0.0,0.0,0.0,0.0,0.0,0.0,0.0,0.0,0.0,False
equal_client,-0.01,0.04,0.0,0.0,0.0,0.0,0.0,0.0,0.0,0.0,0.0,0.0,0.0,0.0,False
equal_client,-0.01,0.05,0.0,0.0,0.0,0.0,0.0,0.0,0.0,0.0,0.0,0.0,0.0,0.0,False
equal_client,0.0,0.01,0.0,0.0,0.0,0.0,0.0,0.0,0.0,0.0,0.0,0.0,0.0,0.0,False
equal_client,0.0,0.015,0.0,0.0,0.0,0.0,0.0,0.0,0.0,0.0,0.0,0.0,0.0,0.0,False
equal_client,0.0,0.02,0.0,0.0,0.0,0.0,0.0,0.0,0.0,0.0,0.0,0.0,0.0,0.0,False
equal_client,0.0,0.025,0.0,0.0,0.0,0.0,0.0,0.0,0.0,0.0,0.0,0.0,0.0,0.0,False
equal_client,0.0,0.03,0.0,0.0,0.0,0.0,0.0,0.0,0.0,0.0,0.0,0.0,0.0,0.0,False
equal_client,0.0,0.04,0.0,0.0,0.0,0.0,0.0,0.0,0.0,0.0,0.0,0.0,0.0,0.0,False
equal_client,0.0,0.05,0.0,0.0,0.0,0.0,0.0,0.0,0.0,0.0,0.0,0.0,0.0,0.0,False
