noise_level,seed,strategy,site_id,qwk,accuracy,macro_f1,support
0.0,7,cross_site_blend_50,0,0.6833232992173389,0.45555555555555555,0.4457196756113387,270
0.0,7,cross_site_blend_50,1,0.6388384754990926,0.5333333333333333,0.5029239766081871,90
0.0,7,cross_site_blend_50,2,0.7751277683134582,0.5444444444444444,0.5019098548510313,90
0.0,7,cross_site_blend_50,3,0.6032856385797563,0.4868421052631579,0.45294113715166345,76
0.0,7,cross_site_blend_50,4,0.7987837596136648,0.56,0.5343434343434343,75
0.0,7,cross_site_blend_75,0,0.6964393482196741,0.45185185185185184,0.44220024653379264,270
0.0,7,cross_site_blend_75,1,0.6552962298025133,0.5333333333333333,0.5035725514503103,90
0.0,7,cross_site_blend_75,2,0.7996604414261461,0.5333333333333333,0.4902980400825229,90
0.0,7,cross_site_blend_75,3,0.6013141161509115,0.47368421052631576,0.4368035710140974,76
0.0,7,cross_site_blend_75,4,0.8014964116659031,0.5333333333333333,0.5056701468466175,75
0.0,7,cross_site_full,0,0.7074500302846759,0.46296296296296297,0.45348973240652407,270
0.0,7,cross_site_full,1,0.7358834244080146,0.5555555555555556,0.5259387471557856,90
0.0,7,cross_site_full,2,0.7529610829103215,0.5222222222222223,0.48182936874199794,90
0.0,7,cross_site_full,3,0.6451682953311618,0.5,0.4740788840788841,76
0.0,7,cross_site_full,4,0.785176548122988,0.5466666666666666,0.5119555068404174,75
0.0,7,fedavg,0,0.689969604863222,0.4777777777777778,0.46598421012803376,270
0.0,7,fedavg,1,0.6971962616822429,0.6111111111111112,0.6093905676656434,90
0.0,7,fedavg,2,0.7878260869565217,0.5888888888888889,0.5611243588255083,90
0.0,7,fedavg,3,0.6103296467303769,0.5,0.47950063429823553,76
0.0,7,fedavg,4,0.8074605752606486,0.5733333333333334,0.5499871497420518,75
0.0,42,cross_site_blend_50,0,0.7535410764872521,0.5111111111111111,0.4855911242753348,270
0.0,42,cross_site_blend_50,1,0.6537785588752196,0.5,0.4887318655060591,90
0.0,42,cross_site_blend_50,2,0.6969147005444646,0.5111111111111111,0.5007033339022587,90
0.0,42,cross_site_blend_50,3,0.7370662124760485,0.5921052631578947,0.5769825585042976,76
0.0,42,cross_site_blend_50,4,0.7774103281607734,0.5466666666666666,0.5378927203065135,75
0.0,42,cross_site_blend_75,0,0.7481648785996612,0.5074074074074074,0.48204587845792196,270
0.0,42,cross_site_blend_75,1,0.6212914485165794,0.4777777777777778,0.4681993743853327,90
0.0,42,cross_site_blend_75,2,0.6809269162210339,0.5111111111111111,0.49754482872762446,90
0.0,42,cross_site_blend_75,3,0.7459677419354839,0.5657894736842105,0.5383897337045763,76
0.0,42,cross_site_blend_75,4,0.7594124599020766,0.5333333333333333,0.5237819185645273,75
0.0,42,cross_site_full,0,0.7465025181869054,0.5037037037037037,0.47987885897306787,270
0.0,42,cross_site_full,1,0.606473594548552,0.45555555555555555,0.4439689323022656,90
0.0,42,cross_site_full,2,0.7030965391621129,0.5444444444444444,0.5362264632900308,90
0.0,42,cross_site_full,3,0.7540387290039585,0.5526315789473685,0.5285467865145769,76
0.0,42,cross_site_full,4,0.7101327507981852,0.5333333333333333,0.5262948178516201,75
0.0,42,fedavg,0,0.6958261863922242,0.4962962962962963,0.4755912123303428,270
0.0,42,fedavg,1,0.6847635726795097,0.5,0.4901149425287356,90
0.0,42,fedavg,2,0.7091561938958708,0.5222222222222223,0.515298994584257,90
0.0,42,fedavg,3,0.695187165775401,0.5657894736842105,0.5593557292014515,76
0.0,42,fedavg,4,0.6844139115500214,0.49333333333333335,0.4857132331270262,75
0.0,99,cross_site_blend_50,0,0.5739287869643934,0.3814814814814815,0.37062085336202455,270
0.0,99,cross_site_blend_50,1,0.6198934280639432,0.4888888888888889,0.48742266418781105,90
0.0,99,cross_site_blend_50,2,0.6606170598911071,0.5111111111111111,0.49844717141713796,90
0.0,99,cross_site_blend_50,3,0.5761843068777108,0.4605263157894737,0.45602962858397644,76
0.0,99,cross_site_blend_50,4,0.5434243935268744,0.4266666666666667,0.4146581196581196,75
0.0,99,cross_site_blend_75,0,0.5791044776119403,0.37777777777777777,0.36694033276519383,270
0.0,99,cross_site_blend_75,1,0.5619546247818499,0.4666666666666667,0.464100655679603,90
0.0,99,cross_site_blend_75,2,0.6642201834862387,0.5222222222222223,0.5114720050064877,90
0.0,99,cross_site_blend_75,3,0.5688303020190222,0.47368421052631576,0.46130059199112905,76
0.0,99,cross_site_blend_75,4,0.5088868101028998,0.4266666666666667,0.41252688172043,75
0.0,99,cross_site_full,0,0.570840681951793,0.36666666666666664,0.35139793647331374,270
0.0,99,cross_site_full,1,0.6402753872633391,0.4666666666666667,0.45572773031743036,90
0.0,99,cross_site_full,2,0.6519337016574587,0.5222222222222223,0.5150935757790597,90
0.0,99,cross_site_full,3,0.5669999441434397,0.4342105263157895,0.41657255787690567,76
0.0,99,cross_site_full,4,0.5086334915412165,0.4266666666666667,0.4077290910283237,75
0.0,99,fedavg,0,0.572356763142351,0.3814814814814815,0.3633128775985918,270
0.0,99,fedavg,1,0.6519524617996604,0.4777777777777778,0.4682216456403163,90
0.0,99,fedavg,2,0.677361853832442,0.5,0.48845045264482606,90
0.0,99,fedavg,3,0.6495361978889007,0.4605263157894737,0.43545954568075085,76
0.0,99,fedavg,4,0.4869336233792254,0.4,0.3763070263070263,75
0.0,123,cross_site_blend_50,0,0.6492236917768832,0.4888888888888889,0.480804757887761,270
0.0,123,cross_site_blend_50,1,0.7850799289520426,0.45555555555555555,0.4384531590413943,90
0.0,123,cross_site_blend_50,2,0.6946826758147513,0.5444444444444444,0.537879046481197,90
0.0,123,cross_site_blend_50,3,0.7204556241101092,0.5,0.49242905242905244,76
0.0,123,cross_site_blend_50,4,0.6773463149552814,0.5066666666666667,0.4918165784832451,75
0.0,123,cross_site_blend_75,0,0.6568796776050662,0.4962962962962963,0.48870839051655995,270
0.0,123,cross_site_blend_75,1,0.779896013864818,0.45555555555555555,0.434369883218988,90
0.0,123,cross_site_blend_75,2,0.694017094017094,0.5333333333333333,0.5237356729292213,90
0.0,123,cross_site_blend_75,3,0.6834076507862004,0.5,0.4918074686996678,76
0.0,123,cross_site_blend_75,4,0.655860552252179,0.4666666666666667,0.44838049229353577,75
0.0,123,cross_site_full,0,0.6492146596858639,0.4777777777777778,0.4705371446383171,270
0.0,123,cross_site_full,1,0.7689594356261023,0.4444444444444444,0.423629135253162,90
0.0,123,cross_site_full,2,0.6833046471600688,0.5111111111111111,0.499630715759748,90
0.0,123,cross_site_full,3,0.6861183741383409,0.5131578947368421,0.5078612209046992,76
0.0,123,cross_site_full,4,0.6103784894673745,0.44,0.4306249306249306,75
0.0,123,fedavg,0,0.6588081204977079,0.48148148148148145,0.47503630735118724,270
0.0,123,fedavg,1,0.7879924953095685,0.4666666666666667,0.45466788567278765,90
0.0,123,fedavg,2,0.6775431861804222,0.5333333333333333,0.5315028161802354,90
0.0,123,fedavg,3,0.7384654601070608,0.5,0.4832736229287953,76
0.0,123,fedavg,4,0.6553731160397009,0.4666666666666667,0.46565939248451976,75
0.0,2025,cross_site_blend_50,0,0.5838805970149255,0.4148148148148148,0.4037205599242275,270
0.0,2025,cross_site_blend_50,1,0.42802303262955854,0.4222222222222222,0.4066210982000456,90
0.0,2025,cross_site_blend_50,2,0.6351118760757315,0.45555555555555555,0.4347598522167487,90
0.0,2025,cross_site_blend_50,3,0.7192982456140351,0.47368421052631576,0.46194633721515443,76
0.0,2025,cross_site_blend_50,4,0.7546774826638755,0.5066666666666667,0.47381611817095687,75
0.0,2025,cross_site_blend_75,0,0.5767609873570139,0.4074074074074074,0.3977851241698424,270
0.0,2025,cross_site_blend_75,1,0.46653919694072654,0.45555555555555555,0.4429642412957207,90
0.0,2025,cross_site_blend_75,2,0.6368330464716008,0.4666666666666667,0.4467193486590038,90
0.0,2025,cross_site_blend_75,3,0.7155172413793104,0.4605263157894737,0.44846195949644213,76
0.0,2025,cross_site_blend_75,4,0.7585669781931464,0.52,0.48456393646611046,75
0.0,2025,cross_site_full,0,0.5681142177275431,0.3962962962962963,0.38687417912750655,270
0.0,2025,cross_site_full,1,0.44878957169459965,0.45555555555555555,0.4479594376702274,90
0.0,2025,cross_site_full,2,0.6360485268630849,0.4777777777777778,0.4646539284470319,90
0.0,2025,cross_site_full,3,0.7554112554112554,0.5,0.4908862019206846,76
0.0,2025,cross_site_full,4,0.7623306925632507,0.52,0.4798814475285064,75
0.0,2025,fedavg,0,0.6214160327677004,0.44814814814814813,0.43697544674511296,270
0.0,2025,fedavg,1,0.44731977818853963,0.4,0.4050050943625503,90
0.0,2025,fedavg,2,0.702608695652174,0.5222222222222223,0.4975554086085395,90
0.0,2025,fedavg,3,0.6883116883116883,0.5,0.4865961199294533,76
0.0,2025,fedavg,4,0.7384058907117943,0.48,0.4405806182121972,75
0.25,7,cross_site_blend_50,0,0.6832633473305338,0.4666666666666667,0.4582295459466648,270
0.25,7,cross_site_blend_50,1,0.7190388170055453,0.5666666666666667,0.5489999487153187,90
0.25,7,cross_site_blend_50,2,0.7246127366609294,0.4777777777777778,0.4361120384769641,90
0.25,7,cross_site_blend_50,3,0.6394765539803708,0.5394736842105263,0.5192153945777135,76
0.25,7,cross_site_blend_50,4,0.8020702554510748,0.5466666666666666,0.5137719633307869,75
0.25,7,cross_site_blend_75,0,0.6885050625372245,0.4666666666666667,0.4562199593468545,270
0.25,7,cross_site_blend_75,1,0.7188081936685289,0.5777777777777777,0.5613348279420661,90
0.25,7,cross_site_blend_75,2,0.739424703891709,0.4888888888888889,0.4426525543248803,90
0.25,7,cross_site_blend_75,3,0.5897569625534578,0.5131578947368421,0.48712509712509716,76
0.25,7,cross_site_blend_75,4,0.7961224803815972,0.5466666666666666,0.5070816864295126,75
0.25,7,cross_site_full,0,0.6734571599760335,0.45185185185185184,0.44065610066922756,270
0.25,7,cross_site_full,1,0.726775956284153,0.5777777777777777,0.5567797981261471,90
0.25,7,cross_site_full,2,0.7648054145516074,0.5333333333333333,0.4986539896884725,90
0.25,7,cross_site_full,3,0.6290495601802188,0.5,0.48502969612809427,76
0.25,7,cross_site_full,4,0.7768821988863179,0.5333333333333333,0.48813131313131314,75
0.25,7,fedavg,0,0.6910963052695336,0.4777777777777778,0.46958711214810367,270
0.25,7,fedavg,1,0.6990825688073394,0.5888888888888889,0.578014813637728,90
0.25,7,fedavg,2,0.7408056042031523,0.5111111111111111,0.4844078567671231,90
0.25,7,fedavg,3,0.5295880981458866,0.4605263157894737,0.4548654244306418,76
0.25,7,fedavg,4,0.7796812852574935,0.6133333333333333,0.5962671100828995,75
0.25,42,cross_site_blend_50,0,0.7099278979478647,0.4740740740740741,0.44379022801350915,270
0.25,42,cross_site_blend_50,1,0.5644891122278057,0.4888888888888889,0.4731957253696384,90
0.25,42,cross_site_blend_50,2,0.6738768718801997,0.5222222222222223,0.49917156533360624,90
0.25,42,cross_site_blend_50,3,0.8129280821917808,0.5789473684210527,0.539408948464676,76
0.25,42,cross_site_blend_50,4,0.6741927450817631,0.4666666666666667,0.45900455577874927,75
0.25,42,cross_site_blend_75,0,0.6949806949806949,0.46296296296296297,0.42924744797752573,270
0.25,42,cross_site_blend_75,1,0.5502471169686984,0.4666666666666667,0.44939243197632694,90
0.25,42,cross_site_blend_75,2,0.6789915966386555,0.5444444444444444,0.5283412462274252,90
0.25,42,cross_site_blend_75,3,0.7807140545787941,0.5789473684210527,0.5447530864197531,76
0.25,42,cross_site_blend_75,4,0.6912024199647089,0.49333333333333335,0.4856482180745856,75
0.25,42,cross_site_full,0,0.6960838389409818,0.4703703703703704,0.43891379956080395,270
0.25,42,cross_site_full,1,0.5422885572139303,0.43333333333333335,0.41880809380809386,90
0.25,42,cross_site_full,2,0.678023850085179,0.5,0.4794167923579688,90
0.25,42,cross_site_full,3,0.7666154858521605,0.5526315789473685,0.521952109388442,76
0.25,42,cross_site_full,4,0.6875,0.49333333333333335,0.4856482180745855,75
0.25,42,fedavg,0,0.6949152542372881,0.4666666666666667,0.4379744956557385,270
0.25,42,fedavg,1,0.5451559934318555,0.4444444444444444,0.42554982392380764,90
0.25,42,fedavg,2,0.662771285475793,0.5222222222222223,0.49890830664955793,90
0.25,42,fedavg,3,0.7926982794796475,0.5789473684210527,0.5595708724585077,76
0.25,42,fedavg,4,0.7128322940597309,0.4666666666666667,0.4506704980842911,75
0.25,99,cross_site_blend_50,0,0.5845609899823219,0.34074074074074073,0.32198462494127456,270
0.25,99,cross_site_blend_50,1,0.63922942206655,0.45555555555555555,0.4470702129525659,90
0.25,99,cross_site_blend_50,2,0.6144144144144144,0.4888888888888889,0.479549114331723,90
0.25,99,cross_site_blend_50,3,0.5871425354649854,0.4605263157894737,0.45819914117015575,76
0.25,99,cross_site_blend_50,4,0.4781783681214422,0.4,0.38376198964434266,75
0.25,99,cross_site_blend_75,0,0.5872543180464562,0.34444444444444444,0.3286163101150264,270
0.25,99,cross_site_blend_75,1,0.5887521968365554,0.45555555555555555,0.4470202741874569,90
0.25,99,cross_site_blend_75,2,0.6283662477558348,0.5,0.4907658243990078,90
0.25,99,cross_site_blend_75,3,0.6278350515463917,0.4605263157894737,0.45513910003040436,76
0.25,99,cross_site_blend_75,4,0.42007531116157404,0.4,0.3827201783723522,75
0.25,99,cross_site_full,0,0.5813128326434063,0.3333333333333333,0.3172772888397868,270
0.25,99,cross_site_full,1,0.6243567753001715,0.45555555555555555,0.4395592492366685,90
0.25,99,cross_site_full,2,0.6099815157116452,0.4888888888888889,0.48163541720843955,90
0.25,99,cross_site_full,3,0.5947764598540146,0.4605263157894737,0.4536352657004831,76
0.25,99,cross_site_full,4,0.47624205455633783,0.4,0.38815759403994693,75
0.25,99,fedavg,0,0.5473808122424957,0.35555555555555557,0.3392947838584402,270
0.25,99,fedavg,1,0.6746166950596253,0.4777777777777778,0.470782967032967,90
0.25,99,fedavg,2,0.5664845173041895,0.4444444444444444,0.4325908726063525,90
0.25,99,fedavg,3,0.6181212381771282,0.47368421052631576,0.4541666666666666,76
0.25,99,fedavg,4,0.44737560265623577,0.3333333333333333,0.3283992879101575,75
0.25,123,cross_site_blend_50,0,0.6195715112912565,0.4740740740740741,0.4647903536792426,270
0.25,123,cross_site_blend_50,1,0.7689594356261023,0.4666666666666667,0.45080955334987594,90
0.25,123,cross_site_blend_50,2,0.6884681583476765,0.5111111111111111,0.5064941624984184,90
0.25,123,cross_site_blend_50,3,0.6803410924176078,0.4868421052631579,0.4798926462694579,76
0.25,123,cross_site_blend_50,4,0.6485788838697006,0.49333333333333335,0.4768681466145234,75
0.25,123,cross_site_blend_75,0,0.6257843696520251,0.4666666666666667,0.45493703787217926,270
0.25,123,cross_site_blend_75,1,0.7660311958405546,0.45555555555555555,0.43303365152440604,90
0.25,123,cross_site_blend_75,2,0.6901893287435457,0.5222222222222223,0.5138702293874707,90
0.25,123,cross_site_blend_75,3,0.6773749426342358,0.5,0.4906694271911663,76
0.25,123,cross_site_blend_75,4,0.6389514984556308,0.4666666666666667,0.45630008525149196,75
0.25,123,cross_site_full,0,0.6267725467952354,0.45925925925925926,0.4478836151654286,270
0.25,123,cross_site_full,1,0.7322970639032815,0.4444444444444444,0.42388489127619566,90
0.25,123,cross_site_full,2,0.675392670157068,0.4888888888888889,0.4811501061954782,90
0.25,123,cross_site_full,3,0.6779294653014789,0.4868421052631579,0.47652964224492983,76
0.25,123,cross_site_full,4,0.5853967522745596,0.4666666666666667,0.45603158918376313,75
0.25,123,fedavg,0,0.6471976401179941,0.48148148148148145,0.4725090648516626,270
0.25,123,fedavg,1,0.7283950617283951,0.4888888888888889,0.4746465502527794,90
0.25,123,fedavg,2,0.6607460035523978,0.4444444444444444,0.4376659587038269,90
0.25,123,fedavg,3,0.6995687589841878,0.47368421052631576,0.4606631163917037,76
0.25,123,fedavg,4,0.6618729669577128,0.4666666666666667,0.45743145743145736,75
0.25,2025,cross_site_blend_50,0,0.5794447725930301,0.4222222222222222,0.4097091983738388,270
0.25,2025,cross_site_blend_50,1,0.36820925553319916,0.37777777777777777,0.3662783088397901,90
0.25,2025,cross_site_blend_50,2,0.6260869565217391,0.4888888888888889,0.4710470085470085,90
0.25,2025,cross_site_blend_50,3,0.668141592920354,0.4868421052631579,0.48400352733686064,76
0.25,2025,cross_site_blend_50,4,0.754682141915062,0.48,0.4367033429533429,75
0.25,2025,cross_site_blend_75,0,0.5750441436138904,0.4148148148148148,0.40106598075691835,270
0.25,2025,cross_site_blend_75,1,0.38150289017341044,0.3888888888888889,0.38239164439722256,90
0.25,2025,cross_site_blend_75,2,0.6377816291161178,0.4888888888888889,0.47265857811834827,90
0.25,2025,cross_site_blend_75,3,0.6651785714285714,0.5,0.4948077955324332,76
0.25,2025,cross_site_blend_75,4,0.7731678945327647,0.5066666666666667,0.46358536544295065,75
0.25,2025,cross_site_full,0,0.5806824754193175,0.4074074074074074,0.3901802869671747,270
0.25,2025,cross_site_full,1,0.3938814531548759,0.3888888888888889,0.3852508077758356,90
0.25,2025,cross_site_full,2,0.6027164685908319,0.4777777777777778,0.4526695526695526,90
0.25,2025,cross_site_full,3,0.6885964912280702,0.5,0.49316282158387414,76
0.25,2025,cross_site_full,4,0.769409636997804,0.52,0.48166793990323403,75
0.25,2025,fedavg,0,0.6091690544412607,0.4185185185185185,0.40177595989198983,270
0.25,2025,fedavg,1,0.3897996357012752,0.4,0.39991219667943806,90
0.25,2025,fedavg,2,0.6193656093489148,0.4777777777777778,0.4548928048928049,90
0.25,2025,fedavg,3,0.6793721973094171,0.4473684210526316,0.43887099490547765,76
0.25,2025,fedavg,4,0.6976336546888695,0.4666666666666667,0.4316233157304981,75
0.35,7,cross_site_blend_50,0,0.645895745955662,0.44074074074074077,0.4292760815128549,270
0.35,7,cross_site_blend_50,1,0.7317073170731707,0.5777777777777777,0.5555571151671127,90
0.35,7,cross_site_blend_50,2,0.7316239316239317,0.4888888888888889,0.4590963383212589,90
0.35,7,cross_site_blend_50,3,0.6151235549899248,0.5526315789473685,0.5364380648591175,76
0.35,7,cross_site_blend_50,4,0.7682880122558406,0.52,0.4787647483235719,75
0.35,7,cross_site_blend_75,0,0.6404833836858006,0.44074074074074077,0.43086118750149144,270
0.35,7,cross_site_blend_75,1,0.7419962335216572,0.5555555555555556,0.5363126021728172,90
0.35,7,cross_site_blend_75,2,0.7351443123938879,0.5,0.46955172444302873,90
0.35,7,cross_site_blend_75,3,0.6286644951140066,0.5394736842105263,0.522706375749854,76
0.35,7,cross_site_blend_75,4,0.7483286944307157,0.52,0.485588141542477,75
0.35,7,cross_site_full,0,0.6448880822746521,0.43703703703703706,0.4287119589006381,270
0.35,7,cross_site_full,1,0.7271028037383177,0.5444444444444444,0.5280945122880606,90
0.35,7,cross_site_full,2,0.7419898819561552,0.4777777777777778,0.439795186891961,90
0.35,7,cross_site_full,3,0.5881090362738784,0.5131578947368421,0.49512214077431466,76
0.35,7,cross_site_full,4,0.7658445207617859,0.5066666666666667,0.47260323211410166,75
0.35,7,fedavg,0,0.7147076196101595,0.4703703703703704,0.45855782431429154,270
0.35,7,fedavg,1,0.6912028725314183,0.5777777777777777,0.5646734204582297,90
0.35,7,fedavg,2,0.7293497363796133,0.5333333333333333,0.5164452877925364,90
0.35,7,fedavg,3,0.6089157952669235,0.5394736842105263,0.5352893483328266,76
0.35,7,fedavg,4,0.7921889431323395,0.6133333333333333,0.5959261974584554,75
0.35,42,cross_site_blend_50,0,0.6709425543781372,0.45555555555555555,0.427374252731673,270
0.35,42,cross_site_blend_50,1,0.5636672325976231,0.4888888888888889,0.4693043884220354,90
0.35,42,cross_site_blend_50,2,0.626916524701874,0.5222222222222223,0.4937311637812194,90
0.35,42,cross_site_blend_50,3,0.7637504200739329,0.5921052631578947,0.5803290881330808,76
0.35,42,cross_site_blend_50,4,0.6623874624874958,0.4666666666666667,0.456227982543772,75
0.35,42,cross_site_blend_75,0,0.6888013505908834,0.4777777777777778,0.4517519406073623,270
0.35,42,cross_site_blend_75,1,0.5528596187175043,0.4777777777777778,0.4655277979895976,90
0.35,42,cross_site_blend_75,2,0.6471600688468158,0.5222222222222223,0.5016086252928359,90
0.35,42,cross_site_blend_75,3,0.7615419094576423,0.618421052631579,0.6072635697635698,76
0.35,42,cross_site_blend_75,4,0.6399931016642235,0.44,0.43656725990059325,75
0.35,42,cross_site_full,0,0.6843835616438356,0.4666666666666667,0.4351852584320102,270
0.35,42,cross_site_full,1,0.5574043261231281,0.4444444444444444,0.43049270990447464,90
0.35,42,cross_site_full,2,0.6537815126050419,0.5111111111111111,0.48492224475997286,90
0.35,42,cross_site_full,3,0.7766652154984763,0.5526315789473685,0.5251670843776107,76
0.35,42,cross_site_full,4,0.6777703381319049,0.5066666666666667,0.4988344988344988,75
0.35,42,fedavg,0,0.6686913307564881,0.45185185185185184,0.42097342042697233,270
0.35,42,fedavg,1,0.6152512998266898,0.4444444444444444,0.42816697191697184,90
0.35,42,fedavg,2,0.6829679595278246,0.5444444444444444,0.5207302444144549,90
0.35,42,fedavg,3,0.7772123893805309,0.5789473684210527,0.5681606222980697,76
0.35,42,fedavg,4,0.635036496350365,0.4266666666666667,0.41831532664866006,75
0.35,99,cross_site_blend_50,0,0.5187231430325353,0.3333333333333333,0.3199761467726357,270
0.35,99,cross_site_blend_50,1,0.5449735449735451,0.4111111111111111,0.4108788230739451,90
0.35,99,cross_site_blend_50,2,0.565377532228361,0.43333333333333335,0.41903711581130937,90
0.35,99,cross_site_blend_50,3,0.6045829412741461,0.4342105263157895,0.4265253989167033,76
0.35,99,cross_site_blend_50,4,0.5158625753357604,0.38666666666666666,0.37539348605267264,75
0.35,99,cross_site_blend_75,0,0.5497912939773405,0.34444444444444444,0.32571769639438813,270
0.35,99,cross_site_blend_75,1,0.5628140703517588,0.37777777777777777,0.3713778844213627,90
0.35,99,cross_site_blend_75,2,0.5373406193078325,0.43333333333333335,0.4223097290839226,90
0.35,99,cross_site_blend_75,3,0.6029364483978137,0.4342105263157895,0.4160418182157313,76
0.35,99,cross_site_blend_75,4,0.5213591674811706,0.38666666666666666,0.37236628658197285,75
0.35,99,cross_site_full,0,0.577221228384019,0.3592592592592593,0.3432311312658866,270
0.35,99,cross_site_full,1,0.5893155258764609,0.4,0.3905913978494624,90
0.35,99,cross_site_full,2,0.5963302752293579,0.45555555555555555,0.44496031746031744,90
0.35,99,cross_site_full,3,0.5751369900924337,0.4605263157894737,0.44736495388669306,76
0.35,99,cross_site_full,4,0.47883236123126727,0.4,0.381811210796718,75
0.35,99,fedavg,0,0.5484830458060678,0.37777777777777777,0.3636927981363883,270
0.35,99,fedavg,1,0.676126878130217,0.45555555555555555,0.4441088581181461,90
0.35,99,fedavg,2,0.5792349726775956,0.4666666666666667,0.4590218832891247,90
0.35,99,fedavg,3,0.6078535139712109,0.4473684210526316,0.4334423949641341,76
0.35,99,fedavg,4,0.4288412330937005,0.3466666666666667,0.34157619754715945,75
0.35,123,cross_site_blend_50,0,0.6224899598393574,0.44814814814814813,0.43476903373407455,270
0.35,123,cross_site_blend_50,1,0.68824531516184,0.4666666666666667,0.4443395845936681,90
0.35,123,cross_site_blend_50,2,0.6761061946902656,0.4777777777777778,0.46958539845967096,90
0.35,123,cross_site_blend_50,3,0.6566265060240963,0.4473684210526316,0.44077042829730995,76
0.35,123,cross_site_blend_50,4,0.6002307945928125,0.4533333333333333,0.4376089011771171,75
0.35,123,cross_site_blend_75,0,0.6305949008498584,0.4703703703703704,0.45944305326390317,270
0.35,123,cross_site_blend_75,1,0.674457429048414,0.4444444444444444,0.41587193851899734,90
0.35,123,cross_site_blend_75,2,0.6587436332767402,0.4888888888888889,0.4753068986383781,90
0.35,123,cross_site_blend_75,3,0.6368869445084043,0.4605263157894737,0.4562409812409813,76
0.35,123,cross_site_blend_75,4,0.6207749381698269,0.48,0.46282182438192665,75
0.35,123,cross_site_full,0,0.6201022146507666,0.43703703703703706,0.4234409569672859,270
0.35,123,cross_site_full,1,0.6405451448040886,0.4222222222222222,0.39956086059534335,90
0.35,123,cross_site_full,2,0.6814310051107324,0.4777777777777778,0.4642729134664618,90
0.35,123,cross_site_full,3,0.6271959844855122,0.4605263157894737,0.4550454534637443,76
0.35,123,cross_site_full,4,0.6401818028785456,0.48,0.470148386708489,75
0.35,123,fedavg,0,0.6334684423856398,0.44074074074074077,0.4283216598978466,270
0.35,123,fedavg,1,0.7200674536256324,0.4777777777777778,0.45177347592208267,90
0.35,123,fedavg,2,0.6215722120658136,0.4111111111111111,0.40885382695051864,90
0.35,123,fedavg,3,0.6675221651889873,0.47368421052631576,0.46521458967485957,76
0.35,123,fedavg,4,0.6447466829173707,0.44,0.42864801864801866,75
0.35,2025,cross_site_blend_50,0,0.5837711617046117,0.4148148148148148,0.40091176415806845,270
0.35,2025,cross_site_blend_50,1,0.4479371316306484,0.36666666666666664,0.3582571495215174,90
0.35,2025,cross_site_blend_50,2,0.6452173913043479,0.45555555555555555,0.4430949167791273,90
0.35,2025,cross_site_blend_50,3,0.6511111111111111,0.4605263157894737,0.4559924616446356,76
0.35,2025,cross_site_blend_50,4,0.759825327510917,0.52,0.4879788670111251,75
0.35,2025,cross_site_blend_75,0,0.5493863237872589,0.3962962962962963,0.3829198227176598,270
0.35,2025,cross_site_blend_75,1,0.4246575342465754,0.37777777777777777,0.3699086354258769,90
0.35,2025,cross_site_blend_75,2,0.6234676007005255,0.45555555555555555,0.4400195325760769,90
0.35,2025,cross_site_blend_75,3,0.6288888888888889,0.4342105263157895,0.4289305755972423,76
0.35,2025,cross_site_blend_75,4,0.7709467534192006,0.5066666666666667,0.47942323128081643,75
0.35,2025,cross_site_full,0,0.578368999421631,0.4,0.3818484148931871,270
0.35,2025,cross_site_full,1,0.3761996161228408,0.36666666666666664,0.3627551335699278,90
0.35,2025,cross_site_full,2,0.6164623467600701,0.4666666666666667,0.4489537018550738,90
0.35,2025,cross_site_full,3,0.6431718061674009,0.4473684210526316,0.4298402081010777,76
0.35,2025,cross_site_full,4,0.7859922178988327,0.5333333333333333,0.49833460656990064,75
0.35,2025,fedavg,0,0.5850379894798363,0.4222222222222222,0.40476368949197505,270
0.35,2025,fedavg,1,0.46213592233009704,0.3888888888888889,0.38771270048151774,90
0.35,2025,fedavg,2,0.6429809358752165,0.4666666666666667,0.4584426561408659,90
0.35,2025,fedavg,3,0.5701357466063348,0.42105263157894735,0.418012543012543,76
0.35,2025,fedavg,4,0.7757082896117524,0.52,0.5002037178507767,75
0.45,7,cross_site_blend_50,0,0.6279349789283564,0.4148148148148148,0.398356176502989,270
0.45,7,cross_site_blend_50,1,0.7113594040968343,0.5333333333333333,0.516478978978979,90
0.45,7,cross_site_blend_50,2,0.7564766839378239,0.5444444444444444,0.5171415739785193,90
0.45,7,cross_site_blend_50,3,0.636738143023133,0.5263157894736842,0.5112146307798481,76
0.45,7,cross_site_blend_50,4,0.743421052631579,0.5066666666666667,0.4612176172739107,75
0.45,7,cross_site_blend_75,0,0.626874625074985,0.4148148148148148,0.3974874032582992,270
0.45,7,cross_site_blend_75,1,0.6953271028037382,0.5222222222222223,0.5033419306403178,90
0.45,7,cross_site_blend_75,2,0.7096774193548387,0.5,0.46619365040417676,90
0.45,7,cross_site_blend_75,3,0.6299095263437999,0.5394736842105263,0.5226708074534161,76
0.45,7,cross_site_blend_75,4,0.764927127409497,0.5333333333333333,0.48755319403987,75
0.45,7,cross_site_full,0,0.628119293974437,0.4222222222222222,0.4079745226284348,270
0.45,7,cross_site_full,1,0.7088846880907372,0.5444444444444444,0.5221902908140637,90
0.45,7,cross_site_full,2,0.7563884156729132,0.5222222222222223,0.48305892622155544,90
0.45,7,cross_site_full,3,0.6330472103004292,0.5131578947368421,0.4960877233341001,76
0.45,7,cross_site_full,4,0.7775522947236966,0.52,0.4758189157733337,75
0.45,7,fedavg,0,0.6703552708211997,0.46296296296296297,0.45203699653488033,270
0.45,7,fedavg,1,0.733800350262697,0.5666666666666667,0.544738703562233,90
0.45,7,fedavg,2,0.7258883248730965,0.5222222222222223,0.4978985926354347,90
0.45,7,fedavg,3,0.5747321523284183,0.5131578947368421,0.500867269984917,76
0.45,7,fedavg,4,0.81794721107903,0.6266666666666667,0.593347423510467,75
0.45,42,cross_site_blend_50,0,0.6278260869565218,0.43703703703703706,0.42198819698819695,270
0.45,42,cross_site_blend_50,1,0.5863874345549738,0.45555555555555555,0.4446446877912395,90
0.45,42,cross_site_blend_50,2,0.6034782608695652,0.5,0.48000118161408484,90
0.45,42,cross_site_blend_50,3,0.8198549916341327,0.5789473684210527,0.5653651961897839,76
0.45,42,cross_site_blend_50,4,0.6637351267459908,0.48,0.47542620298242483,75
0.45,42,cross_site_blend_75,0,0.6329695577254452,0.44814814814814813,0.43325675651297396,270
0.45,42,cross_site_blend_75,1,0.5831903945111493,0.45555555555555555,0.44304002497902145,90
0.45,42,cross_site_blend_75,2,0.6412478336221836,0.5111111111111111,0.49123696583837484,90
0.45,42,cross_site_blend_75,3,0.7520708044933622,0.5789473684210527,0.5714877950635072,76
0.45,42,cross_site_blend_75,4,0.7093520259873483,0.5333333333333333,0.5257249755075842,75
0.45,42,cross_site_full,0,0.640721940214326,0.44074074074074077,0.41831597554059347,270
0.45,42,cross_site_full,1,0.5463743676222597,0.4777777777777778,0.46343600118109923,90
0.45,42,cross_site_full,2,0.6632478632478632,0.5222222222222223,0.4969717782217782,90
0.45,42,cross_site_full,3,0.7604682575416479,0.5394736842105263,0.5186667272424393,76
0.45,42,cross_site_full,4,0.6753246753246753,0.49333333333333335,0.4901042061386889,75
0.45,42,fedavg,0,0.6234194612424409,0.4222222222222222,0.39678647736301453,270
0.45,42,fedavg,1,0.5702199661590525,0.4222222222222222,0.4013708245592304,90
0.45,42,fedavg,2,0.6227347611202636,0.5111111111111111,0.4849451139306211,90
0.45,42,fedavg,3,0.853274092880567,0.631578947368421,0.6109343815226168,76
0.45,42,fedavg,4,0.6352222599253479,0.4666666666666667,0.4578997894215286,75
0.45,99,cross_site_blend_50,0,0.5488454706927176,0.362962962962963,0.3420511393454934,270
0.45,99,cross_site_blend_50,1,0.5454545454545454,0.4222222222222222,0.42295454166163543,90
0.45,99,cross_site_blend_50,2,0.5696649029982364,0.43333333333333335,0.41069223985890657,90
0.45,99,cross_site_blend_50,3,0.592894233397103,0.4342105263157895,0.4284062342885872,76
0.45,99,cross_site_blend_50,4,0.5084735975979444,0.38666666666666666,0.3676508417844681,75
0.45,99,cross_site_blend_75,0,0.5807214665878179,0.37037037037037035,0.35462430046716853,270
0.45,99,cross_site_blend_75,1,0.5911330049261083,0.4222222222222222,0.4149694889397406,90
0.45,99,cross_site_blend_75,2,0.6021314387211367,0.45555555555555555,0.43772085323662474,90
0.45,99,cross_site_blend_75,3,0.6817598124057842,0.47368421052631576,0.4615361952861952,76
0.45,99,cross_site_blend_75,4,0.4176232275489534,0.3333333333333333,0.32540269656077075,75
0.45,99,cross_site_full,0,0.5736934820904287,0.37777777777777777,0.3612172779632898,270
0.45,99,cross_site_full,1,0.5954323001631321,0.43333333333333335,0.4238201412114455,90
0.45,99,cross_site_full,2,0.563922942206655,0.45555555555555555,0.43755344821344083,90
0.45,99,cross_site_full,3,0.6375565111919725,0.4605263157894737,0.44813518819912684,76
0.45,99,cross_site_full,4,0.4501314151334901,0.37333333333333335,0.35630894870025304,75
0.45,99,fedavg,0,0.5629179331306992,0.3814814814814815,0.3722030709079201,270
0.45,99,fedavg,1,0.5939086294416244,0.4111111111111111,0.39613118765292676,90
0.45,99,fedavg,2,0.5643738977072311,0.4444444444444444,0.4366843812908067,90
0.45,99,fedavg,3,0.61448383789326,0.4473684210526316,0.4320867839889579,76
0.45,99,fedavg,4,0.4103984277291406,0.37333333333333335,0.37416149068322974,75
0.45,123,cross_site_blend_50,0,0.6134220743205767,0.44814814814814813,0.429989238717398,270
0.45,123,cross_site_blend_50,1,0.6767169179229481,0.4444444444444444,0.41780772990450415,90
0.45,123,cross_site_blend_50,2,0.6183986371379897,0.4444444444444444,0.4381081478907565,90
0.45,123,cross_site_blend_50,3,0.607983852881812,0.4473684210526316,0.44133255633255636,76
0.45,123,cross_site_blend_50,4,0.6218208012412036,0.4666666666666667,0.45291405099589244,75
0.45,123,cross_site_blend_75,0,0.6135726303982052,0.44814814814814813,0.4335829523203583,270
0.45,123,cross_site_blend_75,1,0.6836902800658979,0.43333333333333335,0.40401162263013596,90
0.45,123,cross_site_blend_75,2,0.6566164154103853,0.4444444444444444,0.4280092960432227,90
0.45,123,cross_site_blend_75,3,0.6515359926639156,0.4605263157894737,0.4559624674842066,76
0.45,123,cross_site_blend_75,4,0.6307509478807085,0.4666666666666667,0.45628436559809105,75
0.45,123,cross_site_full,0,0.6086468276249299,0.4222222222222222,0.40709702704278267,270
0.45,123,cross_site_full,1,0.6825127334465195,0.4222222222222222,0.4007032209573045,90
0.45,123,cross_site_full,2,0.6509274873524452,0.45555555555555555,0.43936717850325563,90
0.45,123,cross_site_full,3,0.6270257931979,0.47368421052631576,0.46966490299823627,76
0.45,123,cross_site_full,4,0.6317650029458801,0.4533333333333333,0.44217635873646105,75
0.45,123,fedavg,0,0.6298215313759354,0.44814814814814813,0.43479952694149376,270
0.45,123,fedavg,1,0.7035175879396984,0.4666666666666667,0.4417938986904504,90
0.45,123,fedavg,2,0.6598290598290599,0.4222222222222222,0.4132065194565195,90
0.45,123,fedavg,3,0.6595206684256816,0.4473684210526316,0.43264199568547396,76
0.45,123,fedavg,4,0.6235246235246235,0.41333333333333333,0.39048493673730866,75
0.45,2025,cross_site_blend_50,0,0.5577498503889886,0.40370370370370373,0.3965222652982708,270
0.45,2025,cross_site_blend_50,1,0.42603550295857984,0.3888888888888889,0.383332036518311,90
0.45,2025,cross_site_blend_50,2,0.6327985739750446,0.4666666666666667,0.4581192881192881,90
0.45,2025,cross_site_blend_50,3,0.566079295154185,0.4342105263157895,0.4253357753357753,76
0.45,2025,cross_site_blend_50,4,0.7866720845184885,0.49333333333333335,0.4744573059790451,75
0.45,2025,cross_site_blend_75,0,0.5659701492537313,0.3851851851851852,0.3747054435289147,270
0.45,2025,cross_site_blend_75,1,0.3791102514506769,0.34444444444444444,0.34020698379463016,90
0.45,2025,cross_site_blend_75,2,0.6159292035398232,0.45555555555555555,0.4373635717449105,90
0.45,2025,cross_site_blend_75,3,0.594170403587444,0.4473684210526316,0.43761022927689597,76
0.45,2025,cross_site_blend_75,4,0.7710075667064914,0.5066666666666667,0.4837535014005602,75
0.45,2025,cross_site_full,0,0.5784487862640615,0.3851851851851852,0.37429052392131856,270
0.45,2025,cross_site_full,1,0.38058252427184447,0.36666666666666664,0.36226551226551224,90
0.45,2025,cross_site_full,2,0.6283662477558348,0.4888888888888889,0.4732641224803426,90
0.45,2025,cross_site_full,3,0.7039473684210527,0.47368421052631576,0.4605989689323023,76
0.45,2025,cross_site_full,4,0.7793256086447078,0.49333333333333335,0.46091453639912383,75
0.45,2025,fedavg,0,0.5795795795795795,0.42592592592592593,0.41696960471698413,270
0.45,2025,fedavg,1,0.48243992606284647,0.4222222222222222,0.4225540891280602,90
0.45,2025,fedavg,2,0.5874363327674024,0.4444444444444444,0.42427886545533605,90
0.45,2025,fedavg,3,0.5241228070175439,0.39473684210526316,0.38887565476520997,76
0.45,2025,fedavg,4,0.7328342798141456,0.4666666666666667,0.43461000000493416,75
