noise,seed,metric,clean_strategy,corrupted_strategy,chosen_strategy,clean_value,corrupted_value,switch_value,delta_corrupted_vs_clean,delta_switch_vs_clean
0,123,global_qwk,fedavg,cross_site_blend_50,fedavg,0.7298328239744079,0.7280400712222352,0.7298328239744079,-0.0017927527521726105,0.0
0,123,worst_site_qwk,fedavg,cross_site_blend_50,fedavg,0.702768825425204,0.6825573624415238,0.702768825425204,-0.02021146298368026,0.0
0,123,mean_site_qwk,fedavg,cross_site_blend_50,fedavg,0.732487374863064,0.7254086963081546,0.732487374863064,-0.007078678554909401,0.0
0,123,global_accuracy,fedavg,cross_site_blend_50,fedavg,0.5694117647058824,0.5567058823529412,0.5694117647058824,-0.012705882352941233,0.0
0,123,macro_f1,fedavg,cross_site_blend_50,fedavg,0.5055799211566626,0.4949036378409496,0.5055799211566626,-0.01067628331571302,0.0
0,2025,global_qwk,fedavg,cross_site_blend_50,fedavg,0.6983892617352164,0.6988934439468641,0.6983892617352164,0.000504182211647719,0.0
0,2025,worst_site_qwk,fedavg,cross_site_blend_50,fedavg,0.6744316058050152,0.6774408988062729,0.6744316058050152,0.00300929300125774,0.0
0,2025,mean_site_qwk,fedavg,cross_site_blend_50,fedavg,0.7010870185241194,0.7014432993023529,0.7010870185241194,0.0003562807782335753,0.0
0,2025,global_accuracy,fedavg,cross_site_blend_50,fedavg,0.5585882352941176,0.5472941176470588,0.5585882352941176,-0.011294117647058788,0.0
0,2025,macro_f1,fedavg,cross_site_blend_50,fedavg,0.5000663744833895,0.4780140759710345,0.5000663744833895,-0.022052298512355017,0.0
0,42,global_qwk,fedavg,cross_site_blend_50,fedavg,0.7072566694854117,0.6934701255508755,0.7072566694854117,-0.013786543934536155,0.0
0,42,worst_site_qwk,fedavg,cross_site_blend_50,fedavg,0.6673300346903428,0.6608777559281085,0.6673300346903428,-0.006452278762234309,0.0
0,42,mean_site_qwk,fedavg,cross_site_blend_50,fedavg,0.7161831406854237,0.7057812801177772,0.7161831406854237,-0.01040186056764647,0.0
0,42,global_accuracy,fedavg,cross_site_blend_50,fedavg,0.5694117647058824,0.5585882352941176,0.5694117647058824,-0.010823529411764787,0.0
0,42,macro_f1,fedavg,cross_site_blend_50,fedavg,0.5159724605549763,0.496155205606327,0.5159724605549763,-0.019817254948649277,0.0
0,7,global_qwk,fedavg,cross_site_blend_50,fedavg,0.7276155450282679,0.724997097427688,0.7276155450282679,-0.002618447600579832,0.0
0,7,worst_site_qwk,fedavg,cross_site_blend_50,fedavg,0.6936547323644098,0.6749135732640295,0.6936547323644098,-0.018741159100380322,0.0
0,7,mean_site_qwk,fedavg,cross_site_blend_50,fedavg,0.7316464239387271,0.7293748112328827,0.7316464239387271,-0.002271612705844417,0.0
0,7,global_accuracy,fedavg,cross_site_blend_50,fedavg,0.5731764705882353,0.5778823529411765,0.5731764705882353,0.004705882352941226,0.0
0,7,macro_f1,fedavg,cross_site_blend_50,fedavg,0.5099629714567177,0.5081509709702154,0.5099629714567177,-0.0018120004865022077,0.0
0,99,global_qwk,fedavg,cross_site_blend_50,fedavg,0.7155000536840841,0.7227555037056095,0.7155000536840841,0.007255450021525389,0.0
0,99,worst_site_qwk,fedavg,cross_site_blend_50,fedavg,0.6795844572231403,0.6674516985301562,0.6795844572231403,-0.012132758692984136,0.0
0,99,mean_site_qwk,fedavg,cross_site_blend_50,fedavg,0.7080782648443799,0.7151410801489273,0.7080782648443799,0.007062815304547443,0.0
0,99,global_accuracy,fedavg,cross_site_blend_50,fedavg,0.5515294117647059,0.5647058823529412,0.5515294117647059,0.013176470588235234,0.0
0,99,macro_f1,fedavg,cross_site_blend_50,fedavg,0.4898706044290599,0.5018427894513834,0.4898706044290599,0.0119721850223235,0.0
25,123,global_qwk,fedavg,cross_site_blend_50,cross_site_blend_50,0.7195784180665513,0.7159890377652853,0.7159890377652853,-0.0035893803012659875,-0.0035893803012659875
25,123,worst_site_qwk,fedavg,cross_site_blend_50,cross_site_blend_50,0.6784592764983843,0.6681479739674876,0.6681479739674876,-0.010311302530896738,-0.010311302530896738
25,123,mean_site_qwk,fedavg,cross_site_blend_50,cross_site_blend_50,0.7187739619804079,0.7152756752445333,0.7152756752445333,-0.0034982867358746006,-0.0034982867358746006
25,123,global_accuracy,fedavg,cross_site_blend_50,cross_site_blend_50,0.5487058823529412,0.5430588235294118,0.5430588235294118,-0.005647058823529338,-0.005647058823529338
25,123,macro_f1,fedavg,cross_site_blend_50,cross_site_blend_50,0.4814069845344631,0.4807777792439187,0.4807777792439187,-0.0006292052905444434,-0.0006292052905444434
25,2025,global_qwk,fedavg,cross_site_blend_50,cross_site_blend_50,0.6831239870199568,0.6973632062493835,0.6973632062493835,0.014239219229426725,0.014239219229426725
25,2025,worst_site_qwk,fedavg,cross_site_blend_50,cross_site_blend_50,0.6513465204760069,0.6749821224030021,0.6749821224030021,0.02363560192699521,0.02363560192699521
25,2025,mean_site_qwk,fedavg,cross_site_blend_50,cross_site_blend_50,0.6864351011335869,0.7043628426139179,0.7043628426139179,0.01792774148033105,0.01792774148033105
25,2025,global_accuracy,fedavg,cross_site_blend_50,cross_site_blend_50,0.5538823529411765,0.5454117647058824,0.5454117647058824,-0.008470588235294119,-0.008470588235294119
25,2025,macro_f1,fedavg,cross_site_blend_50,cross_site_blend_50,0.4913528466401686,0.4759849408765724,0.4759849408765724,-0.015367905763596201,-0.015367905763596201
25,42,global_qwk,fedavg,cross_site_blend_50,cross_site_blend_50,0.6761378487292831,0.6883652591977125,0.6883652591977125,0.012227410468429456,0.012227410468429456
25,42,worst_site_qwk,fedavg,cross_site_blend_50,cross_site_blend_50,0.6349135521885672,0.6590308231356328,0.6590308231356328,0.024117270947065617,0.024117270947065617
25,42,mean_site_qwk,fedavg,cross_site_blend_50,cross_site_blend_50,0.694262101363744,0.7000921672314183,0.7000921672314183,0.005830065867674317,0.005830065867674317
25,42,global_accuracy,fedavg,cross_site_blend_50,cross_site_blend_50,0.5468235294117647,0.5491764705882353,0.5491764705882353,0.0023529411764705577,0.0023529411764705577
25,42,macro_f1,fedavg,cross_site_blend_50,cross_site_blend_50,0.4869709885946345,0.4866928897638263,0.4866928897638263,-0.0002780988308082044,-0.0002780988308082044
25,7,global_qwk,fedavg,cross_site_blend_50,cross_site_blend_50,0.6962668942082452,0.6991910882103123,0.6991910882103123,0.0029241940020671153,0.0029241940020671153
25,7,worst_site_qwk,fedavg,cross_site_blend_50,cross_site_blend_50,0.669137364027321,0.668554992057001,0.668554992057001,-0.0005823719703200725,-0.0005823719703200725
25,7,mean_site_qwk,fedavg,cross_site_blend_50,cross_site_blend_50,0.6995746326389873,0.7030307182660339,0.7030307182660339,0.003456085627046579,0.003456085627046579
25,7,global_accuracy,fedavg,cross_site_blend_50,cross_site_blend_50,0.5524705882352942,0.5534117647058824,0.5534117647058824,0.0009411764705882231,0.0009411764705882231
25,7,macro_f1,fedavg,cross_site_blend_50,cross_site_blend_50,0.4712464349896524,0.4878987204156371,0.4878987204156371,0.01665228542598468,0.01665228542598468
25,99,global_qwk,fedavg,cross_site_blend_50,cross_site_blend_50,0.6872579319877408,0.7060162533720356,0.7060162533720356,0.018758321384294785,0.018758321384294785
25,99,worst_site_qwk,fedavg,cross_site_blend_50,cross_site_blend_50,0.6591101530068151,0.6423189591177216,0.6423189591177216,-0.016791193889093448,-0.016791193889093448
25,99,mean_site_qwk,fedavg,cross_site_blend_50,cross_site_blend_50,0.6860577936755455,0.6973232820267502,0.6973232820267502,0.011265488351204667,0.011265488351204667
25,99,global_accuracy,fedavg,cross_site_blend_50,cross_site_blend_50,0.5331764705882353,0.5449411764705883,0.5449411764705883,0.01176470588235301,0.01176470588235301
25,99,macro_f1,fedavg,cross_site_blend_50,cross_site_blend_50,0.4701100036476635,0.4803920451421393,0.4803920451421393,0.010282041494475813,0.010282041494475813
35,123,global_qwk,fedavg,cross_site_blend_50,cross_site_blend_50,0.6950507073612511,0.7039331781811011,0.7039331781811011,0.008882470819850052,0.008882470819850052
35,123,worst_site_qwk,fedavg,cross_site_blend_50,cross_site_blend_50,0.6625497936973612,0.6450387353606767,0.6450387353606767,-0.017511058336684537,-0.017511058336684537
35,123,mean_site_qwk,fedavg,cross_site_blend_50,cross_site_blend_50,0.6942184702445073,0.696742851286461,0.696742851286461,0.0025243810419536272,0.0025243810419536272
35,123,global_accuracy,fedavg,cross_site_blend_50,cross_site_blend_50,0.5355294117647059,0.5341176470588235,0.5341176470588235,-0.0014117647058824456,-0.0014117647058824456
35,123,macro_f1,fedavg,cross_site_blend_50,cross_site_blend_50,0.4666793173828035,0.4716268460676626,0.4716268460676626,0.004947528684859093,0.004947528684859093
35,2025,global_qwk,fedavg,cross_site_blend_50,cross_site_blend_50,0.6862977397205136,0.6842286740905146,0.6842286740905146,-0.0020690656299989785,-0.0020690656299989785
35,2025,worst_site_qwk,fedavg,cross_site_blend_50,cross_site_blend_50,0.6565551434718944,0.6589286631400545,0.6589286631400545,0.002373519668160129,0.002373519668160129
35,2025,mean_site_qwk,fedavg,cross_site_blend_50,cross_site_blend_50,0.6854582512688446,0.6928283823413312,0.6928283823413312,0.007370131072486519,0.007370131072486519
35,2025,global_accuracy,fedavg,cross_site_blend_50,cross_site_blend_50,0.5397647058823529,0.5407058823529411,0.5407058823529411,0.0009411764705882231,0.0009411764705882231
35,2025,macro_f1,fedavg,cross_site_blend_50,cross_site_blend_50,0.4693417118378464,0.4680515920247197,0.4680515920247197,-0.001290119813126711,-0.001290119813126711
35,42,global_qwk,fedavg,cross_site_blend_50,cross_site_blend_50,0.6855772168680871,0.689944574840861,0.689944574840861,0.004367357972773878,0.004367357972773878
35,42,worst_site_qwk,fedavg,cross_site_blend_50,cross_site_blend_50,0.6495562553879273,0.6483636561642571,0.6483636561642571,-0.0011925992236702099,-0.0011925992236702099
35,42,mean_site_qwk,fedavg,cross_site_blend_50,cross_site_blend_50,0.7003154497435078,0.7072232562752103,0.7072232562752103,0.006907806531702532,0.006907806531702532
35,42,global_accuracy,fedavg,cross_site_blend_50,cross_site_blend_50,0.5449411764705883,0.5435294117647059,0.5435294117647059,-0.0014117647058823346,-0.0014117647058823346
35,42,macro_f1,fedavg,cross_site_blend_50,cross_site_blend_50,0.4757408517363702,0.4782360040177852,0.4782360040177852,0.002495152281415003,0.002495152281415003
35,7,global_qwk,fedavg,cross_site_blend_50,cross_site_blend_50,0.6948624871033664,0.7007980493783068,0.7007980493783068,0.005935562274940409,0.005935562274940409
35,7,worst_site_qwk,fedavg,cross_site_blend_50,cross_site_blend_50,0.6527317537239579,0.6653997055429549,0.6653997055429549,0.012667951818997047,0.012667951818997047
35,7,mean_site_qwk,fedavg,cross_site_blend_50,cross_site_blend_50,0.7028301726926486,0.7034267511295542,0.7034267511295542,0.0005965784369056371,0.0005965784369056371
35,7,global_accuracy,fedavg,cross_site_blend_50,cross_site_blend_50,0.5411764705882353,0.5463529411764706,0.5463529411764706,0.005176470588235338,0.005176470588235338
35,7,macro_f1,fedavg,cross_site_blend_50,cross_site_blend_50,0.4570522102303858,0.4747038045190335,0.4747038045190335,0.01765159428864771,0.01765159428864771
35,99,global_qwk,fedavg,cross_site_blend_50,cross_site_blend_50,0.6750074821779718,0.6905468921708737,0.6905468921708737,0.015539409992901931,0.015539409992901931
35,99,worst_site_qwk,fedavg,cross_site_blend_50,cross_site_blend_50,0.6446618026571511,0.6561508595773347,0.6561508595773347,0.011489056920183538,0.011489056920183538
35,99,mean_site_qwk,fedavg,cross_site_blend_50,cross_site_blend_50,0.6735947179855907,0.6844265552431601,0.6844265552431601,0.010831837257569421,0.010831837257569421
35,99,global_accuracy,fedavg,cross_site_blend_50,cross_site_blend_50,0.5261176470588236,0.5317647058823529,0.5317647058823529,0.005647058823529338,0.005647058823529338
35,99,macro_f1,fedavg,cross_site_blend_50,cross_site_blend_50,0.463999570097109,0.4644916804759779,0.4644916804759779,0.0004921103788688708,0.0004921103788688708
45,123,global_qwk,fedavg,cross_site_blend_50,cross_site_blend_50,0.6902870340324374,0.707061220871747,0.707061220871747,0.016774186839309646,0.016774186839309646
45,123,worst_site_qwk,fedavg,cross_site_blend_50,cross_site_blend_50,0.6254218443106734,0.6615898993089597,0.6615898993089597,0.03616805499828635,0.03616805499828635
45,123,mean_site_qwk,fedavg,cross_site_blend_50,cross_site_blend_50,0.6799472949439509,0.7035834199652753,0.7035834199652753,0.023636125021324395,0.023636125021324395
45,123,global_accuracy,fedavg,cross_site_blend_50,cross_site_blend_50,0.5223529411764706,0.5392941176470588,0.5392941176470588,0.016941176470588237,0.016941176470588237
45,123,macro_f1,fedavg,cross_site_blend_50,cross_site_blend_50,0.4469779926237745,0.4742390652238759,0.4742390652238759,0.027261072600101355,0.027261072600101355
45,2025,global_qwk,fedavg,cross_site_blend_50,cross_site_blend_50,0.6779709780399036,0.6690279254939973,0.6690279254939973,-0.008943052545906327,-0.008943052545906327
45,2025,worst_site_qwk,fedavg,cross_site_blend_50,cross_site_blend_50,0.6460055680850161,0.6392618611327792,0.6392618611327792,-0.006743706952236916,-0.006743706952236916
45,2025,mean_site_qwk,fedavg,cross_site_blend_50,cross_site_blend_50,0.683605851259627,0.6804164160404496,0.6804164160404496,-0.003189435219177472,-0.003189435219177472
45,2025,global_accuracy,fedavg,cross_site_blend_50,cross_site_blend_50,0.5355294117647059,0.5298823529411765,0.5298823529411765,-0.0056470588235294494,-0.0056470588235294494
45,2025,macro_f1,fedavg,cross_site_blend_50,cross_site_blend_50,0.4689681800995993,0.4590766702467819,0.4590766702467819,-0.009891509852817393,-0.009891509852817393
45,42,global_qwk,fedavg,cross_site_blend_50,cross_site_blend_50,0.6754925326756467,0.6877803610395672,0.6877803610395672,0.012287828363920505,0.012287828363920505
45,42,worst_site_qwk,fedavg,cross_site_blend_50,cross_site_blend_50,0.6365655682398987,0.6568988597254681,0.6568988597254681,0.020333291485569394,0.020333291485569394
45,42,mean_site_qwk,fedavg,cross_site_blend_50,cross_site_blend_50,0.6912462456145598,0.7000170727688022,0.7000170727688022,0.008770827154242378,0.008770827154242378
45,42,global_accuracy,fedavg,cross_site_blend_50,cross_site_blend_50,0.5388235294117647,0.540235294117647,0.540235294117647,0.0014117647058823346,0.0014117647058823346
45,42,macro_f1,fedavg,cross_site_blend_50,cross_site_blend_50,0.4723481986499513,0.4767830643981876,0.4767830643981876,0.004434865748236261,0.004434865748236261
45,7,global_qwk,fedavg,cross_site_blend_50,cross_site_blend_50,0.6863760977764747,0.6977612755536045,0.6977612755536045,0.011385177777129774,0.011385177777129774
45,7,worst_site_qwk,fedavg,cross_site_blend_50,cross_site_blend_50,0.6555806196618275,0.6696395610570436,0.6696395610570436,0.014058941395216129,0.014058941395216129
45,7,mean_site_qwk,fedavg,cross_site_blend_50,cross_site_blend_50,0.6870541648289492,0.7039433897461086,0.7039433897461086,0.016889224917159384,0.016889224917159384
45,7,global_accuracy,fedavg,cross_site_blend_50,cross_site_blend_50,0.5228235294117647,0.5397647058823529,0.5397647058823529,0.016941176470588237,0.016941176470588237
45,7,macro_f1,fedavg,cross_site_blend_50,cross_site_blend_50,0.4450243459285239,0.4719750815683856,0.4719750815683856,0.026950735639861667,0.026950735639861667
45,99,global_qwk,fedavg,cross_site_blend_50,cross_site_blend_50,0.680570804630434,0.6872704525845417,0.6872704525845417,0.0066996479541077125,0.0066996479541077125
45,99,worst_site_qwk,fedavg,cross_site_blend_50,cross_site_blend_50,0.6359239911490293,0.6401188426772864,0.6401188426772864,0.004194851528257049,0.004194851528257049
45,99,mean_site_qwk,fedavg,cross_site_blend_50,cross_site_blend_50,0.6796394366057296,0.6817101998862956,0.6817101998862956,0.0020707632805659903,0.0020707632805659903
45,99,global_accuracy,fedavg,cross_site_blend_50,cross_site_blend_50,0.5294117647058824,0.5374117647058824,0.5374117647058824,0.008000000000000007,0.008000000000000007
45,99,macro_f1,fedavg,cross_site_blend_50,cross_site_blend_50,0.4697329245397925,0.4776774954936414,0.4776774954936414,0.007944570953848928,0.007944570953848928
0,11,global_qwk,fedavg,cross_site_blend_50,fedavg,0.7429581080983441,0.7337225638667625,0.7429581080983441,-0.009235544231581572,0.0
0,11,worst_site_qwk,fedavg,cross_site_blend_50,fedavg,0.7164217698801905,0.7119886879296122,0.7164217698801905,-0.004433081950578233,0.0
0,11,mean_site_qwk,fedavg,cross_site_blend_50,fedavg,0.7441992641283725,0.743286473704899,0.7441992641283725,-0.0009127904234734752,0.0
0,11,global_accuracy,fedavg,cross_site_blend_50,fedavg,0.5745882352941176,0.5736470588235294,0.5745882352941176,-0.0009411764705882231,0.0
0,11,macro_f1,fedavg,cross_site_blend_50,fedavg,0.5098279114359029,0.5055207797599799,0.5098279114359029,-0.004307131675923004,0.0
0,17,global_qwk,fedavg,cross_site_blend_50,fedavg,0.7239654930746602,0.7418253432604869,0.7239654930746602,0.017859850185826698,0.0
0,17,worst_site_qwk,fedavg,cross_site_blend_50,fedavg,0.6867531239805871,0.6977504245196491,0.6867531239805871,0.010997300539062005,0.0
0,17,mean_site_qwk,fedavg,cross_site_blend_50,fedavg,0.709715391171373,0.7270813020050024,0.709715391171373,0.017365910833629483,0.0
0,17,global_accuracy,fedavg,cross_site_blend_50,fedavg,0.5727058823529412,0.5835294117647059,0.5727058823529412,0.010823529411764676,0.0
0,17,macro_f1,fedavg,cross_site_blend_50,fedavg,0.5116310736011755,0.5224528915476301,0.5116310736011755,0.010821817946454537,0.0
0,23,global_qwk,fedavg,cross_site_blend_50,fedavg,0.7018818577459033,0.7037645067143725,0.7018818577459033,0.001882648968469236,0.0
0,23,worst_site_qwk,fedavg,cross_site_blend_50,fedavg,0.6673741964836729,0.6681155525660587,0.6673741964836729,0.0007413560823857912,0.0
0,23,mean_site_qwk,fedavg,cross_site_blend_50,fedavg,0.7174845380245973,0.7204905791820245,0.7174845380245973,0.0030060411574271972,0.0
0,23,global_accuracy,fedavg,cross_site_blend_50,fedavg,0.56,0.5604705882352942,0.56,0.00047058823529411153,0.0
0,23,macro_f1,fedavg,cross_site_blend_50,fedavg,0.4860606677435226,0.4889164480197272,0.4860606677435226,0.0028557802762046447,0.0
0,31,global_qwk,fedavg,cross_site_blend_50,fedavg,0.7086968931815969,0.7165003903666098,0.7086968931815969,0.007803497185012942,0.0
0,31,worst_site_qwk,fedavg,cross_site_blend_50,fedavg,0.6738253917670043,0.6904800881334036,0.6738253917670043,0.01665469636639927,0.0
0,31,mean_site_qwk,fedavg,cross_site_blend_50,fedavg,0.7083238904839249,0.7226313294886846,0.7083238904839249,0.014307439004759726,0.0
0,31,global_accuracy,fedavg,cross_site_blend_50,fedavg,0.5496470588235294,0.5534117647058824,0.5496470588235294,0.0037647058823530033,0.0
0,31,macro_f1,fedavg,cross_site_blend_50,fedavg,0.490416290241764,0.4950671262046908,0.490416290241764,0.004650835962926814,0.0
0,37,global_qwk,fedavg,cross_site_blend_50,fedavg,0.7169013513435238,0.7209045782831497,0.7169013513435238,0.004003226939625848,0.0
0,37,worst_site_qwk,fedavg,cross_site_blend_50,fedavg,0.7072214848478994,0.7026297227340665,0.7072214848478994,-0.004591762113832831,0.0
0,37,mean_site_qwk,fedavg,cross_site_blend_50,fedavg,0.7205745926518567,0.7245873212371869,0.7205745926518567,0.004012728585330194,0.0
0,37,global_accuracy,fedavg,cross_site_blend_50,fedavg,0.5755294117647058,0.5604705882352942,0.5755294117647058,-0.01505882352941168,0.0
0,37,macro_f1,fedavg,cross_site_blend_50,fedavg,0.5218186688693097,0.4917730629816231,0.5218186688693097,-0.03004560588768662,0.0
0,43,global_qwk,fedavg,cross_site_blend_50,fedavg,0.746679487551388,0.7445723706908911,0.746679487551388,-0.002107116860496916,0.0
0,43,worst_site_qwk,fedavg,cross_site_blend_50,fedavg,0.7384839293613565,0.7254084860689004,0.7384839293613565,-0.013075443292456135,0.0
0,43,mean_site_qwk,fedavg,cross_site_blend_50,fedavg,0.7506560624693209,0.7452269109662587,0.7506560624693209,-0.005429151503062224,0.0
0,43,global_accuracy,fedavg,cross_site_blend_50,fedavg,0.5736470588235294,0.5816470588235294,0.5736470588235294,0.008000000000000007,0.0
0,43,macro_f1,fedavg,cross_site_blend_50,fedavg,0.5091526183482555,0.5208785983849045,0.5091526183482555,0.01172598003664893,0.0
0,53,global_qwk,fedavg,cross_site_blend_50,fedavg,0.7317556780937957,0.7278712679750026,0.7317556780937957,-0.003884410118793147,0.0
0,53,worst_site_qwk,fedavg,cross_site_blend_50,fedavg,0.6740479638200556,0.6610648798322412,0.6740479638200556,-0.012983083987814448,0.0
0,53,mean_site_qwk,fedavg,cross_site_blend_50,fedavg,0.7321636104952894,0.7313916065488951,0.7321636104952894,-0.0007720039463943174,0.0
0,53,global_accuracy,fedavg,cross_site_blend_50,fedavg,0.5689411764705883,0.5609411764705883,0.5689411764705883,-0.008000000000000007,0.0
0,53,macro_f1,fedavg,cross_site_blend_50,fedavg,0.5085063095527034,0.4933853771679242,0.5085063095527034,-0.015120932384779184,0.0
0,61,global_qwk,fedavg,cross_site_blend_50,fedavg,0.7211026930906266,0.7105565632523003,0.7211026930906266,-0.010546129838326257,0.0
0,61,worst_site_qwk,fedavg,cross_site_blend_50,fedavg,0.6684718812112709,0.6531147447012797,0.6684718812112709,-0.015357136509991154,0.0
0,61,mean_site_qwk,fedavg,cross_site_blend_50,fedavg,0.7209312450409858,0.714380193086578,0.7209312450409858,-0.0065510519544078605,0.0
0,61,global_accuracy,fedavg,cross_site_blend_50,fedavg,0.5632941176470588,0.56,0.5632941176470588,-0.0032941176470587807,0.0
0,61,macro_f1,fedavg,cross_site_blend_50,fedavg,0.5043927912901451,0.4977879733660471,0.5043927912901451,-0.006604817924098061,0.0
0,71,global_qwk,fedavg,cross_site_blend_50,fedavg,0.7071454069066581,0.7098460229570844,0.7071454069066581,0.0027006160504263743,0.0
0,71,worst_site_qwk,fedavg,cross_site_blend_50,fedavg,0.672299520022608,0.6671487575203907,0.672299520022608,-0.005150762502217243,0.0
0,71,mean_site_qwk,fedavg,cross_site_blend_50,fedavg,0.6994032619664934,0.6976423114525542,0.6994032619664934,-0.0017609505139392079,0.0
0,71,global_accuracy,fedavg,cross_site_blend_50,fedavg,0.556235294117647,0.5585882352941176,0.556235294117647,0.0023529411764705577,0.0
0,71,macro_f1,fedavg,cross_site_blend_50,fedavg,0.4979551708360822,0.4957671125277657,0.4979551708360822,-0.0021880583083165317,0.0
0,89,global_qwk,fedavg,cross_site_blend_50,fedavg,0.7223717151060192,0.7189292524112352,0.7223717151060192,-0.0034424626947839876,0.0
0,89,worst_site_qwk,fedavg,cross_site_blend_50,fedavg,0.6514452194509113,0.6321595495831219,0.6514452194509113,-0.019285669867789346,0.0
0,89,mean_site_qwk,fedavg,cross_site_blend_50,fedavg,0.7168278057713979,0.7126797781508214,0.7168278057713979,-0.004148027620576533,0.0
0,89,global_accuracy,fedavg,cross_site_blend_50,fedavg,0.5736470588235294,0.5623529411764706,0.5736470588235294,-0.011294117647058788,0.0
0,89,macro_f1,fedavg,cross_site_blend_50,fedavg,0.5132168484458624,0.4977431087177198,0.5132168484458624,-0.015473739728142533,0.0
25,11,global_qwk,fedavg,cross_site_blend_50,cross_site_blend_50,0.6950606616318922,0.7327357195889311,0.7327357195889311,0.03767505795703896,0.03767505795703896
25,11,worst_site_qwk,fedavg,cross_site_blend_50,cross_site_blend_50,0.6732243950352711,0.7037719616209346,0.7037719616209346,0.030547566585663488,0.030547566585663488
25,11,mean_site_qwk,fedavg,cross_site_blend_50,cross_site_blend_50,0.7033648012610518,0.74150797706106,0.74150797706106,0.038143175800008144,0.038143175800008144
25,11,global_accuracy,fedavg,cross_site_blend_50,cross_site_blend_50,0.556235294117647,0.5665882352941176,0.5665882352941176,0.010352941176470565,0.010352941176470565
25,11,macro_f1,fedavg,cross_site_blend_50,cross_site_blend_50,0.4765894619055409,0.4971575502596283,0.4971575502596283,0.02056808835408741,0.02056808835408741
25,17,global_qwk,fedavg,cross_site_blend_50,cross_site_blend_50,0.7027584274589401,0.7230953345516502,0.7230953345516502,0.020336907092710077,0.020336907092710077
25,17,worst_site_qwk,fedavg,cross_site_blend_50,cross_site_blend_50,0.6633110441619516,0.6736138821531252,0.6736138821531252,0.010302837991173597,0.010302837991173597
25,17,mean_site_qwk,fedavg,cross_site_blend_50,cross_site_blend_50,0.6872997167523905,0.7059466048989794,0.7059466048989794,0.01864688814658888,0.01864688814658888
25,17,global_accuracy,fedavg,cross_site_blend_50,cross_site_blend_50,0.5567058823529412,0.563764705882353,0.563764705882353,0.007058823529411784,0.007058823529411784
25,17,macro_f1,fedavg,cross_site_blend_50,cross_site_blend_50,0.4860238838425962,0.4978168324975118,0.4978168324975118,0.011792948654915592,0.011792948654915592
25,23,global_qwk,fedavg,cross_site_blend_50,cross_site_blend_50,0.6794642762598412,0.6840358011490457,0.6840358011490457,0.004571524889204537,0.004571524889204537
25,23,worst_site_qwk,fedavg,cross_site_blend_50,cross_site_blend_50,0.6386453932017405,0.6367492715516564,0.6367492715516564,-0.001896121650084126,-0.001896121650084126
25,23,mean_site_qwk,fedavg,cross_site_blend_50,cross_site_blend_50,0.6975992428891262,0.7055884963665005,0.7055884963665005,0.007989253477374225,0.007989253477374225
25,23,global_accuracy,fedavg,cross_site_blend_50,cross_site_blend_50,0.5378823529411765,0.5430588235294118,0.5430588235294118,0.005176470588235338,0.005176470588235338
25,23,macro_f1,fedavg,cross_site_blend_50,cross_site_blend_50,0.4503935627821535,0.4674730649474825,0.4674730649474825,0.017079502165328997,0.017079502165328997
25,31,global_qwk,fedavg,cross_site_blend_50,cross_site_blend_50,0.6852677839258408,0.6898512167431856,0.6898512167431856,0.004583432817344857,0.004583432817344857
25,31,worst_site_qwk,fedavg,cross_site_blend_50,cross_site_blend_50,0.6454968519025458,0.6191076235752333,0.6191076235752333,-0.026389228327312497,-0.026389228327312497
25,31,mean_site_qwk,fedavg,cross_site_blend_50,cross_site_blend_50,0.6921628757200268,0.6971531555283452,0.6971531555283452,0.004990279808318454,0.004990279808318454
25,31,global_accuracy,fedavg,cross_site_blend_50,cross_site_blend_50,0.5369411764705883,0.5392941176470588,0.5392941176470588,0.0023529411764705577,0.0023529411764705577
25,31,macro_f1,fedavg,cross_site_blend_50,cross_site_blend_50,0.4764889775114482,0.466058624531024,0.466058624531024,-0.010430352980424218,-0.010430352980424218
25,37,global_qwk,fedavg,cross_site_blend_50,cross_site_blend_50,0.7016052784039033,0.6943350242675386,0.6943350242675386,-0.007270254136364729,-0.007270254136364729
25,37,worst_site_qwk,fedavg,cross_site_blend_50,cross_site_blend_50,0.6763312162215472,0.6515292611915207,0.6515292611915207,-0.02480195503002658,-0.02480195503002658
25,37,mean_site_qwk,fedavg,cross_site_blend_50,cross_site_blend_50,0.6983017597586982,0.6864901747660624,0.6864901747660624,-0.011811584992635793,-0.011811584992635793
25,37,global_accuracy,fedavg,cross_site_blend_50,cross_site_blend_50,0.5515294117647059,0.5487058823529412,0.5487058823529412,-0.0028235294117647802,-0.0028235294117647802
25,37,macro_f1,fedavg,cross_site_blend_50,cross_site_blend_50,0.4857938349221363,0.4754531249132172,0.4754531249132172,-0.010340710008919118,-0.010340710008919118
25,43,global_qwk,fedavg,cross_site_blend_50,cross_site_blend_50,0.7211292301876355,0.7287330453866248,0.7287330453866248,0.007603815198989228,0.007603815198989228
25,43,worst_site_qwk,fedavg,cross_site_blend_50,cross_site_blend_50,0.708902534121881,0.70590177920273,0.70590177920273,-0.003000754919150972,-0.003000754919150972
25,43,mean_site_qwk,fedavg,cross_site_blend_50,cross_site_blend_50,0.7250993484681104,0.7372716882073933,0.7372716882073933,0.01217233973928289,0.01217233973928289
25,43,global_accuracy,fedavg,cross_site_blend_50,cross_site_blend_50,0.5463529411764706,0.5623529411764706,0.5623529411764706,0.016000000000000014,0.016000000000000014
25,43,macro_f1,fedavg,cross_site_blend_50,cross_site_blend_50,0.4833399467101867,0.5036808634692514,0.5036808634692514,0.020340916759064742,0.020340916759064742
25,53,global_qwk,fedavg,cross_site_blend_50,cross_site_blend_50,0.7099572423846213,0.7203989210687778,0.7203989210687778,0.010441678684156463,0.010441678684156463
25,53,worst_site_qwk,fedavg,cross_site_blend_50,cross_site_blend_50,0.6329814069671577,0.6577461278478858,0.6577461278478858,0.02476472088072812,0.02476472088072812
25,53,mean_site_qwk,fedavg,cross_site_blend_50,cross_site_blend_50,0.7102892661486154,0.7229941018017533,0.7229941018017533,0.012704835653137847,0.012704835653137847
25,53,global_accuracy,fedavg,cross_site_blend_50,cross_site_blend_50,0.5449411764705883,0.5430588235294118,0.5430588235294118,-0.0018823529411764461,-0.0018823529411764461
25,53,macro_f1,fedavg,cross_site_blend_50,cross_site_blend_50,0.4880633131086305,0.4780253315416387,0.4780253315416387,-0.010037981566991816,-0.010037981566991816
25,61,global_qwk,fedavg,cross_site_blend_50,cross_site_blend_50,0.6832703285371113,0.6841193391116613,0.6841193391116613,0.0008490105745500021,0.0008490105745500021
25,61,worst_site_qwk,fedavg,cross_site_blend_50,cross_site_blend_50,0.6340465361297027,0.5918800174821154,0.5918800174821154,-0.04216651864758736,-0.04216651864758736
25,61,mean_site_qwk,fedavg,cross_site_blend_50,cross_site_blend_50,0.6934412566094839,0.6892269184148937,0.6892269184148937,-0.0042143381945901615,-0.0042143381945901615
25,61,global_accuracy,fedavg,cross_site_blend_50,cross_site_blend_50,0.5501176470588235,0.5425882352941176,0.5425882352941176,-0.007529411764705896,-0.007529411764705896
25,61,macro_f1,fedavg,cross_site_blend_50,cross_site_blend_50,0.4855501016368902,0.4741191504716982,0.4741191504716982,-0.011430951165191994,-0.011430951165191994
25,71,global_qwk,fedavg,cross_site_blend_50,cross_site_blend_50,0.6901198981630438,0.679604328360889,0.679604328360889,-0.010515569802154734,-0.010515569802154734
25,71,worst_site_qwk,fedavg,cross_site_blend_50,cross_site_blend_50,0.6430194157790734,0.637153212520593,0.637153212520593,-0.005866203258480418,-0.005866203258480418
25,71,mean_site_qwk,fedavg,cross_site_blend_50,cross_site_blend_50,0.678860970812089,0.6688872766055732,0.6688872766055732,-0.009973694206515726,-0.009973694206515726
25,71,global_accuracy,fedavg,cross_site_blend_50,cross_site_blend_50,0.5378823529411765,0.5510588235294117,0.5510588235294117,0.013176470588235234,0.013176470588235234
25,71,macro_f1,fedavg,cross_site_blend_50,cross_site_blend_50,0.478386431158507,0.4811582950275186,0.4811582950275186,0.002771863869011626,0.002771863869011626
25,89,global_qwk,fedavg,cross_site_blend_50,cross_site_blend_50,0.691499931840257,0.7028102436303898,0.7028102436303898,0.011310311790132754,0.011310311790132754
25,89,worst_site_qwk,fedavg,cross_site_blend_50,cross_site_blend_50,0.5809537155488453,0.6270073224942843,0.6270073224942843,0.04605360694543892,0.04605360694543892
25,89,mean_site_qwk,fedavg,cross_site_blend_50,cross_site_blend_50,0.6813810823680753,0.6989857252432842,0.6989857252432842,0.01760464287520891,0.01760464287520891
25,89,global_accuracy,fedavg,cross_site_blend_50,cross_site_blend_50,0.5421176470588235,0.5454117647058824,0.5454117647058824,0.0032941176470588918,0.0032941176470588918
25,89,macro_f1,fedavg,cross_site_blend_50,cross_site_blend_50,0.4757612766000269,0.4775166216673637,0.4775166216673637,0.001755345067336822,0.001755345067336822
35,11,global_qwk,fedavg,cross_site_blend_50,cross_site_blend_50,0.7028075024626271,0.7175865248402333,0.7175865248402333,0.014779022377606199,0.014779022377606199
35,11,worst_site_qwk,fedavg,cross_site_blend_50,cross_site_blend_50,0.6783829132392698,0.6880069280386014,0.6880069280386014,0.009624014799331615,0.009624014799331615
35,11,mean_site_qwk,fedavg,cross_site_blend_50,cross_site_blend_50,0.7131585153059514,0.7302168378212816,0.7302168378212816,0.017058322515330127,0.017058322515330127
35,11,global_accuracy,fedavg,cross_site_blend_50,cross_site_blend_50,0.5496470588235294,0.5552941176470588,0.5552941176470588,0.0056470588235294494,0.0056470588235294494
35,11,macro_f1,fedavg,cross_site_blend_50,cross_site_blend_50,0.4712471027092178,0.4832926438818947,0.4832926438818947,0.012045541172676866,0.012045541172676866
35,17,global_qwk,fedavg,cross_site_blend_50,cross_site_blend_50,0.7080945163561085,0.7128595115509524,0.7128595115509524,0.004764995194843857,0.004764995194843857
35,17,worst_site_qwk,fedavg,cross_site_blend_50,cross_site_blend_50,0.6778869007857478,0.6734015766480862,0.6734015766480862,-0.004485324137661562,-0.004485324137661562
35,17,mean_site_qwk,fedavg,cross_site_blend_50,cross_site_blend_50,0.695830345429813,0.6990809133677398,0.6990809133677398,0.003250567937926774,0.003250567937926774
35,17,global_accuracy,fedavg,cross_site_blend_50,cross_site_blend_50,0.5548235294117647,0.5590588235294117,0.5590588235294117,0.004235294117647004,0.004235294117647004
35,17,macro_f1,fedavg,cross_site_blend_50,cross_site_blend_50,0.4858721438583873,0.494717982209174,0.494717982209174,0.008845838350786728,0.008845838350786728
35,23,global_qwk,fedavg,cross_site_blend_50,cross_site_blend_50,0.6733359157539927,0.6814696088417834,0.6814696088417834,0.008133693087790772,0.008133693087790772
35,23,worst_site_qwk,fedavg,cross_site_blend_50,cross_site_blend_50,0.6309207322633986,0.6427754472864065,0.6427754472864065,0.011854715023007834,0.011854715023007834
35,23,mean_site_qwk,fedavg,cross_site_blend_50,cross_site_blend_50,0.6936413799296838,0.6986163762742185,0.6986163762742185,0.004974996344534688,0.004974996344534688
35,23,global_accuracy,fedavg,cross_site_blend_50,cross_site_blend_50,0.5261176470588236,0.5345882352941177,0.5345882352941177,0.008470588235294119,0.008470588235294119
35,23,macro_f1,fedavg,cross_site_blend_50,cross_site_blend_50,0.4334494861634049,0.4603884158772586,0.4603884158772586,0.0269389297138537,0.0269389297138537
35,31,global_qwk,fedavg,cross_site_blend_50,cross_site_blend_50,0.6792882526885162,0.6817190567259843,0.6817190567259843,0.002430804037468093,0.002430804037468093
35,31,worst_site_qwk,fedavg,cross_site_blend_50,cross_site_blend_50,0.6297966245489945,0.6291804992694598,0.6291804992694598,-0.0006161252795346961,-0.0006161252795346961
35,31,mean_site_qwk,fedavg,cross_site_blend_50,cross_site_blend_50,0.6820669949104412,0.692370488255711,0.692370488255711,0.01030349334526981,0.01030349334526981
35,31,global_accuracy,fedavg,cross_site_blend_50,cross_site_blend_50,0.5275294117647059,0.5383529411764706,0.5383529411764706,0.010823529411764676,0.010823529411764676
35,31,macro_f1,fedavg,cross_site_blend_50,cross_site_blend_50,0.466228354158319,0.4685929223214251,0.4685929223214251,0.0023645681631060955,0.0023645681631060955
35,37,global_qwk,fedavg,cross_site_blend_50,cross_site_blend_50,0.6738387889261933,0.695137735180721,0.695137735180721,0.021298946254527662,0.021298946254527662
35,37,worst_site_qwk,fedavg,cross_site_blend_50,cross_site_blend_50,0.6403667312937464,0.6620673610087866,0.6620673610087866,0.021700629715040165,0.021700629715040165
35,37,mean_site_qwk,fedavg,cross_site_blend_50,cross_site_blend_50,0.6663248488782975,0.6902950124383627,0.6902950124383627,0.023970163560065205,0.023970163560065205
35,37,global_accuracy,fedavg,cross_site_blend_50,cross_site_blend_50,0.5444705882352942,0.5501176470588235,0.5501176470588235,0.005647058823529338,0.005647058823529338
35,37,macro_f1,fedavg,cross_site_blend_50,cross_site_blend_50,0.479678644248562,0.4720302439812585,0.4720302439812585,-0.007648400267303512,-0.007648400267303512
35,43,global_qwk,fedavg,cross_site_blend_50,cross_site_blend_50,0.725117067789953,0.732724291235546,0.732724291235546,0.007607223445593059,0.007607223445593059
35,43,worst_site_qwk,fedavg,cross_site_blend_50,cross_site_blend_50,0.7071324255342382,0.6982483236879484,0.6982483236879484,-0.008884101846289738,-0.008884101846289738
35,43,mean_site_qwk,fedavg,cross_site_blend_50,cross_site_blend_50,0.7257759162436028,0.7362948458956036,0.7362948458956036,0.010518929652000741,0.010518929652000741
35,43,global_accuracy,fedavg,cross_site_blend_50,cross_site_blend_50,0.5510588235294117,0.5642352941176471,0.5642352941176471,0.013176470588235345,0.013176470588235345
35,43,macro_f1,fedavg,cross_site_blend_50,cross_site_blend_50,0.4825551114984879,0.5049945732422775,0.5049945732422775,0.02243946174378958,0.02243946174378958
35,53,global_qwk,fedavg,cross_site_blend_50,cross_site_blend_50,0.7009774759911245,0.71328525789638,0.71328525789638,0.0123077819052555,0.0123077819052555
35,53,worst_site_qwk,fedavg,cross_site_blend_50,cross_site_blend_50,0.5937438008143932,0.6442121196336594,0.6442121196336594,0.05046831881926628,0.05046831881926628
35,53,mean_site_qwk,fedavg,cross_site_blend_50,cross_site_blend_50,0.7063815806972741,0.7159752747460674,0.7159752747460674,0.009593694048793289,0.009593694048793289
35,53,global_accuracy,fedavg,cross_site_blend_50,cross_site_blend_50,0.5336470588235294,0.5407058823529411,0.5407058823529411,0.007058823529411784,0.007058823529411784
35,53,macro_f1,fedavg,cross_site_blend_50,cross_site_blend_50,0.4796762628450512,0.469752693049648,0.469752693049648,-0.009923569795403209,-0.009923569795403209
35,61,global_qwk,fedavg,cross_site_blend_50,cross_site_blend_50,0.6780136149482089,0.683879644084426,0.683879644084426,0.0058660291362171435,0.0058660291362171435
35,61,worst_site_qwk,fedavg,cross_site_blend_50,cross_site_blend_50,0.5824396567178587,0.583949250563857,0.583949250563857,0.0015095938459983582,0.0015095938459983582
35,61,mean_site_qwk,fedavg,cross_site_blend_50,cross_site_blend_50,0.6780706281842521,0.684753315600872,0.684753315600872,0.006682687416619926,0.006682687416619926
35,61,global_accuracy,fedavg,cross_site_blend_50,cross_site_blend_50,0.532235294117647,0.5435294117647059,0.5435294117647059,0.011294117647058899,0.011294117647058899
35,61,macro_f1,fedavg,cross_site_blend_50,cross_site_blend_50,0.4630403806747696,0.4767765764433487,0.4767765764433487,0.013736195768579096,0.013736195768579096
35,71,global_qwk,fedavg,cross_site_blend_50,cross_site_blend_50,0.6791511979235159,0.685696628945413,0.685696628945413,0.006545431021897086,0.006545431021897086
35,71,worst_site_qwk,fedavg,cross_site_blend_50,cross_site_blend_50,0.622724346880341,0.6253488095290576,0.6253488095290576,0.00262446264871663,0.00262446264871663
35,71,mean_site_qwk,fedavg,cross_site_blend_50,cross_site_blend_50,0.664212866006482,0.6741874257263876,0.6741874257263876,0.009974559719905574,0.009974559719905574
35,71,global_accuracy,fedavg,cross_site_blend_50,cross_site_blend_50,0.5284705882352941,0.536,0.536,0.007529411764705896,0.007529411764705896
35,71,macro_f1,fedavg,cross_site_blend_50,cross_site_blend_50,0.4646502364890065,0.4630121379176815,0.4630121379176815,-0.0016380985713250196,-0.0016380985713250196
35,89,global_qwk,fedavg,cross_site_blend_50,cross_site_blend_50,0.6815538683925325,0.6897732459768312,0.6897732459768312,0.008219377584298693,0.008219377584298693
35,89,worst_site_qwk,fedavg,cross_site_blend_50,cross_site_blend_50,0.6128173036808832,0.6134160597886654,0.6134160597886654,0.0005987561077822612,0.0005987561077822612
35,89,mean_site_qwk,fedavg,cross_site_blend_50,cross_site_blend_50,0.6765780104341381,0.6850294214082666,0.6850294214082666,0.008451410974128493,0.008451410974128493
35,89,global_accuracy,fedavg,cross_site_blend_50,cross_site_blend_50,0.5327058823529411,0.5407058823529411,0.5407058823529411,0.008000000000000007,0.008000000000000007
35,89,macro_f1,fedavg,cross_site_blend_50,cross_site_blend_50,0.4649109020518735,0.4715011352350209,0.4715011352350209,0.006590233183147387,0.006590233183147387
45,11,global_qwk,fedavg,cross_site_blend_50,cross_site_blend_50,0.6919246834578112,0.7000498136271328,0.7000498136271328,0.008125130169321593,0.008125130169321593
45,11,worst_site_qwk,fedavg,cross_site_blend_50,cross_site_blend_50,0.659476487370946,0.6744215264764946,0.6744215264764946,0.014945039105548563,0.014945039105548563
45,11,mean_site_qwk,fedavg,cross_site_blend_50,cross_site_blend_50,0.7001800507219968,0.711003845278946,0.711003845278946,0.010823794556949151,0.010823794556949151
45,11,global_accuracy,fedavg,cross_site_blend_50,cross_site_blend_50,0.5378823529411765,0.5397647058823529,0.5397647058823529,0.0018823529411764461,0.0018823529411764461
45,11,macro_f1,fedavg,cross_site_blend_50,cross_site_blend_50,0.4554136184860294,0.4577359240697427,0.4577359240697427,0.002322305583713269,0.002322305583713269
45,17,global_qwk,fedavg,cross_site_blend_50,cross_site_blend_50,0.6992427305714621,0.7065837564249628,0.7065837564249628,0.007341025853500716,0.007341025853500716
45,17,worst_site_qwk,fedavg,cross_site_blend_50,cross_site_blend_50,0.6513030828532214,0.6419135721072082,0.6419135721072082,-0.00938951074601313,-0.00938951074601313
45,17,mean_site_qwk,fedavg,cross_site_blend_50,cross_site_blend_50,0.6854659364916869,0.6919788679368157,0.6919788679368157,0.006512931445128878,0.006512931445128878
45,17,global_accuracy,fedavg,cross_site_blend_50,cross_site_blend_50,0.5397647058823529,0.552,0.552,0.012235294117647122,0.012235294117647122
45,17,macro_f1,fedavg,cross_site_blend_50,cross_site_blend_50,0.4660245936777463,0.4899203907331587,0.4899203907331587,0.023895797055412393,0.023895797055412393
45,23,global_qwk,fedavg,cross_site_blend_50,cross_site_blend_50,0.6709619794482589,0.6636329238589883,0.6636329238589883,-0.00732905558927055,-0.00732905558927055
45,23,worst_site_qwk,fedavg,cross_site_blend_50,cross_site_blend_50,0.626392849916455,0.6318033423467169,0.6318033423467169,0.005410492430261815,0.005410492430261815
45,23,mean_site_qwk,fedavg,cross_site_blend_50,cross_site_blend_50,0.6911011845706841,0.6786086543689818,0.6786086543689818,-0.012492530201702379,-0.012492530201702379
45,23,global_accuracy,fedavg,cross_site_blend_50,cross_site_blend_50,0.5327058823529411,0.528,0.528,-0.004705882352941115,-0.004705882352941115
45,23,macro_f1,fedavg,cross_site_blend_50,cross_site_blend_50,0.4535446217461367,0.4495553341463418,0.4495553341463418,-0.0039892875997948885,-0.0039892875997948885
45,31,global_qwk,fedavg,cross_site_blend_50,cross_site_blend_50,0.6950253239287822,0.6772677079547303,0.6772677079547303,-0.0177576159740519,-0.0177576159740519
45,31,worst_site_qwk,fedavg,cross_site_blend_50,cross_site_blend_50,0.6589816889662952,0.632646225984228,0.632646225984228,-0.026335462982067126,-0.026335462982067126
45,31,mean_site_qwk,fedavg,cross_site_blend_50,cross_site_blend_50,0.7101314563409022,0.6863543555510849,0.6863543555510849,-0.023777100789817318,-0.023777100789817318
45,31,global_accuracy,fedavg,cross_site_blend_50,cross_site_blend_50,0.5247058823529411,0.5237647058823529,0.5237647058823529,-0.0009411764705882231,-0.0009411764705882231
45,31,macro_f1,fedavg,cross_site_blend_50,cross_site_blend_50,0.457743326335116,0.4430852728870618,0.4430852728870618,-0.014658053448054209,-0.014658053448054209
45,37,global_qwk,fedavg,cross_site_blend_50,cross_site_blend_50,0.6643971247179499,0.6899433999013309,0.6899433999013309,0.02554627518338104,0.02554627518338104
45,37,worst_site_qwk,fedavg,cross_site_blend_50,cross_site_blend_50,0.5967249197440945,0.636098990150854,0.636098990150854,0.039374070406759554,0.039374070406759554
45,37,mean_site_qwk,fedavg,cross_site_blend_50,cross_site_blend_50,0.6541151025724959,0.6831485275393281,0.6831485275393281,0.029033424966832144,0.029033424966832144
45,37,global_accuracy,fedavg,cross_site_blend_50,cross_site_blend_50,0.5294117647058824,0.532235294117647,0.532235294117647,0.002823529411764669,0.002823529411764669
45,37,macro_f1,fedavg,cross_site_blend_50,cross_site_blend_50,0.4516834456442464,0.4584582246191663,0.4584582246191663,0.006774778974919904,0.006774778974919904
45,43,global_qwk,fedavg,cross_site_blend_50,cross_site_blend_50,0.7113146203509728,0.7239440058530233,0.7239440058530233,0.012629385502050505,0.012629385502050505
45,43,worst_site_qwk,fedavg,cross_site_blend_50,cross_site_blend_50,0.6899655553389225,0.710591185224376,0.710591185224376,0.020625629885453578,0.020625629885453578
45,43,mean_site_qwk,fedavg,cross_site_blend_50,cross_site_blend_50,0.7144322624081358,0.7305781333237217,0.7305781333237217,0.016145870915585836,0.016145870915585836
45,43,global_accuracy,fedavg,cross_site_blend_50,cross_site_blend_50,0.5444705882352942,0.5548235294117647,0.5548235294117647,0.010352941176470565,0.010352941176470565
45,43,macro_f1,fedavg,cross_site_blend_50,cross_site_blend_50,0.4781685716850243,0.489722123166795,0.489722123166795,0.011553551481770674,0.011553551481770674
45,53,global_qwk,fedavg,cross_site_blend_50,cross_site_blend_50,0.6909626038781164,0.7148541642624382,0.7148541642624382,0.02389156038432183,0.02389156038432183
45,53,worst_site_qwk,fedavg,cross_site_blend_50,cross_site_blend_50,0.6312304612824146,0.6542245824605784,0.6542245824605784,0.022994121178163796,0.022994121178163796
45,53,mean_site_qwk,fedavg,cross_site_blend_50,cross_site_blend_50,0.6943004340417487,0.7183456565787789,0.7183456565787789,0.02404522253703023,0.02404522253703023
45,53,global_accuracy,fedavg,cross_site_blend_50,cross_site_blend_50,0.5303529411764706,0.5364705882352941,0.5364705882352941,0.006117647058823561,0.006117647058823561
45,53,macro_f1,fedavg,cross_site_blend_50,cross_site_blend_50,0.4654514156772975,0.4618262334094782,0.4618262334094782,-0.0036251822678192713,-0.0036251822678192713
45,61,global_qwk,fedavg,cross_site_blend_50,cross_site_blend_50,0.669484547085341,0.6756249844005411,0.6756249844005411,0.006140437315200087,0.006140437315200087
45,61,worst_site_qwk,fedavg,cross_site_blend_50,cross_site_blend_50,0.5925004652598419,0.5840534521158129,0.5840534521158129,-0.008447013144028959,-0.008447013144028959
45,61,mean_site_qwk,fedavg,cross_site_blend_50,cross_site_blend_50,0.6763251974917195,0.6782656152625153,0.6782656152625153,0.0019404177707957881,0.0019404177707957881
45,61,global_accuracy,fedavg,cross_site_blend_50,cross_site_blend_50,0.5261176470588236,0.5364705882352941,0.5364705882352941,0.010352941176470565,0.010352941176470565
45,61,macro_f1,fedavg,cross_site_blend_50,cross_site_blend_50,0.4525852068116343,0.4677968251554819,0.4677968251554819,0.0152116183438476,0.0152116183438476
45,71,global_qwk,fedavg,cross_site_blend_50,cross_site_blend_50,0.6853885372397207,0.6750905945274102,0.6750905945274102,-0.010297942712310548,-0.010297942712310548
45,71,worst_site_qwk,fedavg,cross_site_blend_50,cross_site_blend_50,0.6192764910389673,0.6419415759231728,0.6419415759231728,0.02266508488420549,0.02266508488420549
45,71,mean_site_qwk,fedavg,cross_site_blend_50,cross_site_blend_50,0.6691620601351292,0.663652698656698,0.663652698656698,-0.005509361478431285,-0.005509361478431285
45,71,global_accuracy,fedavg,cross_site_blend_50,cross_site_blend_50,0.5345882352941177,0.5327058823529411,0.5327058823529411,-0.0018823529411765572,-0.0018823529411765572
45,71,macro_f1,fedavg,cross_site_blend_50,cross_site_blend_50,0.4660956982943755,0.4561431301257579,0.4561431301257579,-0.009952568168617615,-0.009952568168617615
45,89,global_qwk,fedavg,cross_site_blend_50,cross_site_blend_50,0.6747003053832406,0.6858946053939718,0.6858946053939718,0.011194300010731295,0.011194300010731295
45,89,worst_site_qwk,fedavg,cross_site_blend_50,cross_site_blend_50,0.5796373366376195,0.5961010370466094,0.5961010370466094,0.016463700408989923,0.016463700408989923
45,89,mean_site_qwk,fedavg,cross_site_blend_50,cross_site_blend_50,0.665991409202358,0.6824960222612799,0.6824960222612799,0.016504613058921924,0.016504613058921924
45,89,global_accuracy,fedavg,cross_site_blend_50,cross_site_blend_50,0.5284705882352941,0.5327058823529411,0.5327058823529411,0.004235294117647004,0.004235294117647004
45,89,macro_f1,fedavg,cross_site_blend_50,cross_site_blend_50,0.4645830868091896,0.4634507476467988,0.4634507476467988,-0.0011323391623908052,-0.0011323391623908052
