source_file,noise,seed,clean_strategy,corrupted_strategy,clean_global_qwk,clean_worst_site_qwk,clean_mean_site_qwk,clean_site_qwk_spread,clean_global_accuracy,clean_macro_f1,clean_mean_abs_error,clean_severe_error_rate,clean_mean_overgrade,clean_mean_undergrade,clean_prediction_entropy,corrupted_global_qwk,delta_corrupted_vs_clean_global_qwk,corrupted_worst_site_qwk,delta_corrupted_vs_clean_worst_site_qwk,corrupted_mean_site_qwk,delta_corrupted_vs_clean_mean_site_qwk,corrupted_site_qwk_spread,delta_corrupted_vs_clean_site_qwk_spread,corrupted_global_accuracy,delta_corrupted_vs_clean_global_accuracy,corrupted_macro_f1,delta_corrupted_vs_clean_macro_f1,corrupted_mean_abs_error,delta_corrupted_vs_clean_mean_abs_error,corrupted_severe_error_rate,delta_corrupted_vs_clean_severe_error_rate,corrupted_mean_overgrade,delta_corrupted_vs_clean_mean_overgrade,corrupted_mean_undergrade,delta_corrupted_vs_clean_mean_undergrade,corrupted_prediction_entropy,delta_corrupted_vs_clean_prediction_entropy,detector_triggered,detector_reasons,chosen_strategy,detector_global_qwk,delta_detector_vs_clean_global_qwk,oracle_global_qwk,delta_oracle_vs_clean_global_qwk,detector_regret_vs_oracle_global_qwk,detector_worst_site_qwk,delta_detector_vs_clean_worst_site_qwk,oracle_worst_site_qwk,delta_oracle_vs_clean_worst_site_qwk,detector_regret_vs_oracle_worst_site_qwk,detector_mean_site_qwk,delta_detector_vs_clean_mean_site_qwk,oracle_mean_site_qwk,delta_oracle_vs_clean_mean_site_qwk,detector_regret_vs_oracle_mean_site_qwk,detector_global_accuracy,delta_detector_vs_clean_global_accuracy,oracle_global_accuracy,delta_oracle_vs_clean_global_accuracy,detector_regret_vs_oracle_global_accuracy,detector_macro_f1,delta_detector_vs_clean_macro_f1,oracle_macro_f1,delta_oracle_vs_clean_macro_f1,detector_regret_vs_oracle_macro_f1
results\ordinal_harm_fair_weights_h_panda_all_noise_0_seed_123\predictions.csv,0,123,fedavg,cross_site_blend_50,0.7298328239744079,0.702768825425204,0.732487374863064,0.07131986200938834,0.5694117647058824,0.5055799211566626,0.7134117647058823,0.07623529411764705,0.2376470588235294,0.4757647058823529,1.1721565327917418,0.7280400712222352,-0.0017927527521726105,0.6825573624415238,-0.02021146298368026,0.7254086963081546,-0.007078678554909401,0.07428896390647621,0.002969101897087878,0.5567058823529412,-0.012705882352941233,0.49490363784094965,-0.010676283315712964,0.7425882352941177,0.02917647058823536,0.07670588235294118,0.0004705882352941254,0.3171764705882353,0.07952941176470588,0.4254117647058824,-0.050352941176470545,1.1780110800360237,0.005854547244281916,False,,fedavg,0.7298328239744079,0.0,0.7298328239744079,0.0,0.0,0.702768825425204,0.0,0.702768825425204,0.0,0.0,0.732487374863064,0.0,0.732487374863064,0.0,0.0,0.5694117647058824,0.0,0.5694117647058824,0.0,0.0,0.5055799211566626,0.0,0.5055799211566626,0.0,0.0
results\ordinal_harm_fair_weights_h_panda_all_noise_0_seed_2025\predictions.csv,0,2025,fedavg,cross_site_blend_50,0.6983892617352163,0.6744316058050153,0.7010870185241194,0.05845594942500154,0.5585882352941176,0.5000663744833895,0.7576470588235295,0.08705882352941176,0.24658823529411764,0.5110588235294118,1.1618222006061447,0.6988934439468641,0.0005041822116478301,0.677440898806273,0.00300929300125774,0.7014432993023529,0.0003562807782335753,0.05435570715656013,-0.004100242268441412,0.5472941176470588,-0.011294117647058788,0.4780140759710345,-0.022052298512355017,0.7854117647058824,0.027764705882352914,0.09223529411764705,0.005176470588235296,0.27905882352941175,0.03247058823529411,0.5063529411764706,-0.004705882352941226,1.1770455350323759,0.015223334426231139,True,FedAvg global QWK below clean-calibrated lower bound,cross_site_blend_50,0.6988934439468641,0.0005041822116478301,0.6983892617352163,0.0,0.0005041822116478301,0.677440898806273,0.00300929300125774,0.6744316058050153,0.0,0.00300929300125774,0.7014432993023529,0.0003562807782335753,0.7010870185241194,0.0,0.0003562807782335753,0.5472941176470588,-0.011294117647058788,0.5585882352941176,0.0,-0.011294117647058788,0.4780140759710345,-0.022052298512355017,0.5000663744833895,0.0,-0.022052298512355017
results\ordinal_harm_fair_weights_h_panda_all_noise_0_seed_42\predictions.csv,0,42,fedavg,cross_site_blend_50,0.7072566694854118,0.6673300346903428,0.7161831406854237,0.14113790627812006,0.5694117647058824,0.5159724605549763,0.7327058823529412,0.08094117647058824,0.20705882352941177,0.5256470588235295,1.1758076450075134,0.6934701255508754,-0.013786543934536377,0.6608777559281085,-0.006452278762234309,0.7057812801177772,-0.01040186056764647,0.12000842615592422,-0.021129480122195843,0.5585882352941176,-0.010823529411764787,0.496155205606327,-0.019817254948649277,0.7651764705882353,0.03247058823529414,0.08847058823529412,0.007529411764705882,0.22023529411764706,0.01317647058823529,0.5449411764705883,0.019294117647058795,1.151800860179836,-0.024006784827677485,True,FedAvg worst-site QWK below clean-calibrated lower bound; FedAvg site-QWK spread above clean-calibrated upper bound,cross_site_blend_50,0.6934701255508754,-0.013786543934536377,0.7072566694854118,0.0,-0.013786543934536377,0.6608777559281085,-0.006452278762234309,0.6673300346903428,0.0,-0.006452278762234309,0.7057812801177772,-0.01040186056764647,0.7161831406854237,0.0,-0.01040186056764647,0.5585882352941176,-0.010823529411764787,0.5694117647058824,0.0,-0.010823529411764787,0.496155205606327,-0.019817254948649277,0.5159724605549763,0.0,-0.019817254948649277
results\ordinal_harm_fair_weights_h_panda_all_noise_0_seed_7\predictions.csv,0,7,fedavg,cross_site_blend_50,0.727615545028268,0.6936547323644097,0.7316464239387271,0.07232450489122655,0.5731764705882353,0.5099629714567177,0.7167058823529412,0.08,0.20988235294117646,0.5068235294117647,1.1449047036631301,0.724997097427688,-0.002618447600579943,0.6749135732640295,-0.01874115910038021,0.7293748112328828,-0.002271612705844306,0.08703574130294778,0.014711236411721229,0.5778823529411765,0.004705882352941226,0.5081509709702154,-0.0018120004865022077,0.7143529411764706,-0.0023529411764705577,0.08047058823529411,0.00047058823529411153,0.22211764705882353,0.012235294117647066,0.49223529411764705,-0.014588235294117624,1.2034422782645309,0.058537574601400744,False,,fedavg,0.727615545028268,0.0,0.727615545028268,0.0,0.0,0.6936547323644097,0.0,0.6936547323644097,0.0,0.0,0.7316464239387271,0.0,0.7316464239387271,0.0,0.0,0.5731764705882353,0.0,0.5731764705882353,0.0,0.0,0.5099629714567177,0.0,0.5099629714567177,0.0,0.0
results\ordinal_harm_fair_weights_h_panda_all_noise_0_seed_99\predictions.csv,0,99,fedavg,cross_site_blend_50,0.715500053684084,0.6795844572231403,0.70807826484438,0.05249455207310616,0.5515294117647059,0.48987060442905994,0.7581176470588236,0.08141176470588235,0.2611764705882353,0.4969411764705882,1.127993451448861,0.7227555037056095,0.0072554500215255,0.6674516985301562,-0.012132758692984136,0.7151410801489273,0.007062815304547332,0.09226462348648534,0.03977007141337918,0.5647058823529412,0.013176470588235234,0.5018427894513834,0.011972185022323445,0.7421176470588235,-0.016000000000000014,0.08329411764705882,0.001882352941176474,0.272,0.010823529411764732,0.47011764705882353,-0.02682352941176469,1.1642845452965707,0.03629109384770968,False,,fedavg,0.715500053684084,0.0,0.715500053684084,0.0,0.0,0.6795844572231403,0.0,0.6795844572231403,0.0,0.0,0.70807826484438,0.0,0.70807826484438,0.0,0.0,0.5515294117647059,0.0,0.5515294117647059,0.0,0.0,0.48987060442905994,0.0,0.48987060442905994,0.0,0.0
results\ordinal_harm_fair_weights_h_panda_all_noise_25_seed_123\predictions.csv,25,123,fedavg,cross_site_blend_50,0.7195784180665513,0.6784592764983843,0.7187739619804079,0.07835735835954405,0.5487058823529412,0.4814069845344631,0.7510588235294118,0.07905882352941176,0.24329411764705883,0.5077647058823529,1.379220713338553,0.7159890377652854,-0.0035893803012658765,0.6681479739674876,-0.010311302530896738,0.7152756752445333,-0.0034982867358746006,0.08265730817000705,0.004299949810463,0.5430588235294118,-0.005647058823529338,0.4807777792439187,-0.0006292052905444434,0.7727058823529411,0.021647058823529353,0.08470588235294117,0.005647058823529408,0.32988235294117646,0.08658823529411763,0.4428235294117647,-0.06494117647058817,1.3350700326933547,-0.04415068064519834,False,,fedavg,0.7195784180665513,0.0,0.7159890377652854,-0.0035893803012658765,0.0035893803012658765,0.6784592764983843,0.0,0.6681479739674876,-0.010311302530896738,0.010311302530896738,0.7187739619804079,0.0,0.7152756752445333,-0.0034982867358746006,0.0034982867358746006,0.5487058823529412,0.0,0.5430588235294118,-0.005647058823529338,0.005647058823529338,0.4814069845344631,0.0,0.4807777792439187,-0.0006292052905444434,0.0006292052905444434
results\ordinal_harm_fair_weights_h_panda_all_noise_25_seed_2025\predictions.csv,25,2025,fedavg,cross_site_blend_50,0.6831239870199568,0.6513465204760072,0.6864351011335869,0.06800193086741446,0.5538823529411765,0.4913528466401686,0.7816470588235294,0.09694117647058824,0.2611764705882353,0.5204705882352941,1.3945676340919817,0.6973632062493835,0.014239219229426725,0.6749821224030023,0.023635601926995098,0.7043628426139179,0.01792774148033105,0.056532716659323023,-0.011469214208091438,0.5454117647058824,-0.008470588235294119,0.47598494087657245,-0.015367905763596146,0.7858823529411765,0.004235294117647115,0.0903529411764706,-0.006588235294117645,0.27576470588235297,0.01458823529411768,0.5101176470588236,-0.010352941176470565,1.3384975048519778,-0.056070129240003874,True,FedAvg global QWK below clean-calibrated lower bound; FedAvg worst-site QWK below clean-calibrated lower bound; FedAvg mean absolute ordinal error above clean-calibrated upper bound; FedAvg severe ordinal error rate above clean-calibrated upper bound,cross_site_blend_50,0.6973632062493835,0.014239219229426725,0.6973632062493835,0.014239219229426725,0.0,0.6749821224030023,0.023635601926995098,0.6749821224030023,0.023635601926995098,0.0,0.7043628426139179,0.01792774148033105,0.7043628426139179,0.01792774148033105,0.0,0.5454117647058824,-0.008470588235294119,0.5454117647058824,-0.008470588235294119,0.0,0.47598494087657245,-0.015367905763596146,0.47598494087657245,-0.015367905763596146,0.0
results\ordinal_harm_fair_weights_h_panda_all_noise_25_seed_42\predictions.csv,25,42,fedavg,cross_site_blend_50,0.6761378487292832,0.6349135521885672,0.694262101363744,0.12639437145472932,0.5468235294117647,0.4869709885946345,0.7948235294117647,0.0903529411764706,0.2136470588235294,0.5811764705882353,1.3561147673891403,0.6883652591977125,0.012227410468429345,0.6590308231356328,0.024117270947065617,0.7000921672314183,0.005830065867674317,0.11130321757803541,-0.015091153876693908,0.5491764705882353,0.0023529411764705577,0.48669288976382635,-0.0002780988308081489,0.7792941176470588,-0.015529411764705903,0.08988235294117647,-0.0004705882352941254,0.22541176470588234,0.011764705882352927,0.5538823529411765,-0.027294117647058802,1.2980801686199048,-0.058034598769235446,True,FedAvg global QWK below clean-calibrated lower bound; FedAvg worst-site QWK below clean-calibrated lower bound; FedAvg site-QWK spread above clean-calibrated upper bound; FedAvg mean absolute ordinal error above clean-calibrated upper bound; FedAvg severe ordinal error rate above clean-calibrated upper bound,cross_site_blend_50,0.6883652591977125,0.012227410468429345,0.6883652591977125,0.012227410468429345,0.0,0.6590308231356328,0.024117270947065617,0.6590308231356328,0.024117270947065617,0.0,0.7000921672314183,0.005830065867674317,0.7000921672314183,0.005830065867674317,0.0,0.5491764705882353,0.0023529411764705577,0.5491764705882353,0.0023529411764705577,0.0,0.48669288976382635,-0.0002780988308081489,0.48669288976382635,-0.0002780988308081489,0.0
results\ordinal_harm_fair_weights_h_panda_all_noise_25_seed_7\predictions.csv,25,7,fedavg,cross_site_blend_50,0.6962668942082453,0.669137364027321,0.6995746326389873,0.05861647762767763,0.5524705882352942,0.4712464349896524,0.7811764705882352,0.09458823529411765,0.20188235294117646,0.5792941176470588,1.3646285219874335,0.6991910882103123,0.0029241940020670043,0.668554992057001,-0.0005823719703200725,0.7030307182660339,0.003456085627046579,0.06569956707065461,0.007083089442976975,0.5534117647058824,0.0009411764705882231,0.48789872041563714,0.016652285425984736,0.7675294117647059,-0.013647058823529346,0.09176470588235294,-0.002823529411764711,0.2555294117647059,0.05364705882352944,0.512,-0.06729411764705884,1.3479357730307127,-0.016692748956720793,True,FedAvg global QWK below clean-calibrated lower bound; FedAvg mean absolute ordinal error above clean-calibrated upper bound; FedAvg severe ordinal error rate above clean-calibrated upper bound,cross_site_blend_50,0.6991910882103123,0.0029241940020670043,0.6991910882103123,0.0029241940020670043,0.0,0.668554992057001,-0.0005823719703200725,0.668554992057001,-0.0005823719703200725,0.0,0.7030307182660339,0.003456085627046579,0.7030307182660339,0.003456085627046579,0.0,0.5534117647058824,0.0009411764705882231,0.5534117647058824,0.0009411764705882231,0.0,0.48789872041563714,0.016652285425984736,0.48789872041563714,0.016652285425984736,0.0
results\ordinal_harm_fair_weights_h_panda_all_noise_25_seed_99\predictions.csv,25,99,fedavg,cross_site_blend_50,0.6872579319877408,0.6591101530068151,0.6860577936755455,0.05504663832956269,0.5331764705882353,0.4701100036476635,0.8051764705882353,0.09364705882352942,0.24611764705882352,0.5590588235294117,1.3864287572050196,0.7060162533720356,0.018758321384294785,0.6423189591177216,-0.016791193889093448,0.6973232820267502,0.011265488351204667,0.11496020835629739,0.0599135700267347,0.5449411764705883,0.01176470588235301,0.4803920451421393,0.010282041494475813,0.780235294117647,-0.024941176470588244,0.08894117647058823,-0.004705882352941185,0.27952941176470586,0.033411764705882335,0.5007058823529412,-0.058352941176470496,1.331475856898339,-0.05495290030668065,True,FedAvg global QWK below clean-calibrated lower bound; FedAvg worst-site QWK below clean-calibrated lower bound; FedAvg mean absolute ordinal error above clean-calibrated upper bound; FedAvg severe ordinal error rate above clean-calibrated upper bound,cross_site_blend_50,0.7060162533720356,0.018758321384294785,0.7060162533720356,0.018758321384294785,0.0,0.6423189591177216,-0.016791193889093448,0.6423189591177216,-0.016791193889093448,0.0,0.6973232820267502,0.011265488351204667,0.6973232820267502,0.011265488351204667,0.0,0.5449411764705883,0.01176470588235301,0.5449411764705883,0.01176470588235301,0.0,0.4803920451421393,0.010282041494475813,0.4803920451421393,0.010282041494475813,0.0
results\ordinal_harm_fair_weights_h_panda_all_noise_35_seed_123\predictions.csv,35,123,fedavg,cross_site_blend_50,0.6950507073612511,0.6625497936973612,0.6942184702445073,0.06528349186853388,0.5355294117647059,0.4666793173828035,0.7858823529411765,0.08376470588235294,0.20658823529411766,0.5792941176470588,1.4340102452338896,0.7039331781811011,0.008882470819850052,0.6450387353606766,-0.01751105833668465,0.6967428512864609,0.002524381041953516,0.08643252377320976,0.021149031904675875,0.5341176470588235,-0.0014117647058824456,0.47162684606766264,0.004947528684859148,0.7957647058823529,0.009882352941176453,0.08988235294117647,0.006117647058823533,0.328,0.12141176470588236,0.4677647058823529,-0.11152941176470593,1.3779437396135519,-0.05606650562033777,True,FedAvg global QWK below clean-calibrated lower bound; FedAvg worst-site QWK below clean-calibrated lower bound; FedAvg mean absolute ordinal error above clean-calibrated upper bound,cross_site_blend_50,0.7039331781811011,0.008882470819850052,0.7039331781811011,0.008882470819850052,0.0,0.6450387353606766,-0.01751105833668465,0.6450387353606766,-0.01751105833668465,0.0,0.6967428512864609,0.002524381041953516,0.6967428512864609,0.002524381041953516,0.0,0.5341176470588235,-0.0014117647058824456,0.5341176470588235,-0.0014117647058824456,0.0,0.47162684606766264,0.004947528684859148,0.47162684606766264,0.004947528684859148,0.0
results\ordinal_harm_fair_weights_h_panda_all_noise_35_seed_2025\predictions.csv,35,2025,fedavg,cross_site_blend_50,0.6862977397205136,0.6565551434718944,0.6854582512688445,0.05655379608655653,0.5397647058823529,0.46934171183784645,0.7924705882352941,0.09552941176470588,0.27247058823529413,0.52,1.4607907094546135,0.6842286740905146,-0.0020690656299989785,0.6589286631400544,0.002373519668160018,0.6928283823413312,0.00737013107248663,0.0669254577894296,0.01037166170287307,0.5407058823529411,0.0009411764705882231,0.4680515920247197,-0.0012901198131267666,0.8098823529411765,0.01741176470588235,0.0988235294117647,0.0032941176470588224,0.27858823529411764,0.0061176470588235055,0.5312941176470588,0.011294117647058788,1.3857388004024482,-0.0750519090521653,True,FedAvg global QWK below clean-calibrated lower bound; FedAvg worst-site QWK below clean-calibrated lower bound; FedAvg mean absolute ordinal error above clean-calibrated upper bound; FedAvg severe ordinal error rate above clean-calibrated upper bound,cross_site_blend_50,0.6842286740905146,-0.0020690656299989785,0.6842286740905146,-0.0020690656299989785,0.0,0.6589286631400544,0.002373519668160018,0.6589286631400544,0.002373519668160018,0.0,0.6928283823413312,0.00737013107248663,0.6928283823413312,0.00737013107248663,0.0,0.5407058823529411,0.0009411764705882231,0.5407058823529411,0.0009411764705882231,0.0,0.4680515920247197,-0.0012901198131267666,0.4680515920247197,-0.0012901198131267666,0.0
results\ordinal_harm_fair_weights_h_panda_all_noise_35_seed_42\predictions.csv,35,42,fedavg,cross_site_blend_50,0.6855772168680871,0.6495562553879273,0.7003154497435077,0.13586598446873777,0.5449411764705883,0.4757408517363702,0.7934117647058824,0.08847058823529412,0.24141176470588235,0.552,1.4297455267982193,0.689944574840861,0.004367357972773878,0.6483636561642572,-0.0011925992236700989,0.7072232562752103,0.006907806531702643,0.1365225106261413,0.0006565261574035253,0.5435294117647059,-0.0014117647058823346,0.47823600401778527,0.0024951522814150584,0.7887058823529411,-0.004705882352941226,0.09176470588235294,0.0032941176470588224,0.24141176470588235,0.0,0.5472941176470588,-0.004705882352941226,1.3497024069765478,-0.08004311982167156,True,FedAvg global QWK below clean-calibrated lower bound; FedAvg worst-site QWK below clean-calibrated lower bound; FedAvg site-QWK spread above clean-calibrated upper bound; FedAvg mean absolute ordinal error above clean-calibrated upper bound,cross_site_blend_50,0.689944574840861,0.004367357972773878,0.689944574840861,0.004367357972773878,0.0,0.6483636561642572,-0.0011925992236700989,0.6483636561642572,-0.0011925992236700989,0.0,0.7072232562752103,0.006907806531702643,0.7072232562752103,0.006907806531702643,0.0,0.5435294117647059,-0.0014117647058823346,0.5435294117647059,-0.0014117647058823346,0.0,0.47823600401778527,0.0024951522814150584,0.47823600401778527,0.0024951522814150584,0.0
results\ordinal_harm_fair_weights_h_panda_all_noise_35_seed_7\predictions.csv,35,7,fedavg,cross_site_blend_50,0.6948624871033664,0.6527317537239579,0.7028301726926486,0.07757391512714884,0.5411764705882353,0.45705221023038584,0.7910588235294118,0.09364705882352942,0.208,0.5830588235294117,1.4355931480166677,0.7007980493783068,0.005935562274940409,0.6653997055429548,0.012667951818996936,0.7034267511295542,0.0005965784369056371,0.06811290304380258,-0.009461012083346265,0.5463529411764706,0.005176470588235338,0.47470380451903355,0.01765159428864771,0.7764705882352941,-0.01458823529411768,0.0903529411764706,-0.0032941176470588224,0.2343529411764706,0.026352941176470607,0.5421176470588235,-0.04094117647058826,1.3969858044213608,-0.03860734359530693,True,FedAvg global QWK below clean-calibrated lower bound; FedAvg worst-site QWK below clean-calibrated lower bound; FedAvg mean absolute ordinal error above clean-calibrated upper bound; FedAvg severe ordinal error rate above clean-calibrated upper bound,cross_site_blend_50,0.7007980493783068,0.005935562274940409,0.7007980493783068,0.005935562274940409,0.0,0.6653997055429548,0.012667951818996936,0.6653997055429548,0.012667951818996936,0.0,0.7034267511295542,0.0005965784369056371,0.7034267511295542,0.0005965784369056371,0.0,0.5463529411764706,0.005176470588235338,0.5463529411764706,0.005176470588235338,0.0,0.47470380451903355,0.01765159428864771,0.47470380451903355,0.01765159428864771,0.0
results\ordinal_harm_fair_weights_h_panda_all_noise_35_seed_99\predictions.csv,35,99,fedavg,cross_site_blend_50,0.6750074821779717,0.6446618026571511,0.6735947179855907,0.07392647629676385,0.5261176470588236,0.46399957009710907,0.8324705882352941,0.1011764705882353,0.2635294117647059,0.5689411764705883,1.4653719502738642,0.6905468921708737,0.015539409992902042,0.6561508595773347,0.011489056920183538,0.6844265552431601,0.010831837257569421,0.07779665981484296,0.0038701835180791067,0.5317647058823529,0.005647058823529338,0.46449168047597794,0.0004921103788688708,0.8056470588235294,-0.02682352941176469,0.09364705882352942,-0.007529411764705882,0.2828235294117647,0.019294117647058795,0.5228235294117647,-0.046117647058823596,1.3957008659115158,-0.06967108436234848,True,FedAvg global QWK below clean-calibrated lower bound; FedAvg worst-site QWK below clean-calibrated lower bound; FedAvg mean absolute ordinal error above clean-calibrated upper bound; FedAvg severe ordinal error rate above clean-calibrated upper bound,cross_site_blend_50,0.6905468921708737,0.015539409992902042,0.6905468921708737,0.015539409992902042,0.0,0.6561508595773347,0.011489056920183538,0.6561508595773347,0.011489056920183538,0.0,0.6844265552431601,0.010831837257569421,0.6844265552431601,0.010831837257569421,0.0,0.5317647058823529,0.005647058823529338,0.5317647058823529,0.005647058823529338,0.0,0.46449168047597794,0.0004921103788688708,0.46449168047597794,0.0004921103788688708,0.0
results\ordinal_harm_fair_weights_h_panda_all_noise_45_seed_123\predictions.csv,45,123,fedavg,cross_site_blend_50,0.6902870340324374,0.6254218443106734,0.6799472949439509,0.10123868513374035,0.5223529411764706,0.4469779926237745,0.796235294117647,0.08282352941176471,0.21505882352941177,0.5811764705882353,1.5190105857919953,0.707061220871747,0.016774186839309646,0.6615898993089596,0.036168054998286236,0.7035834199652753,0.023636125021324395,0.09248804278019651,-0.008750642353543836,0.5392941176470588,0.016941176470588237,0.47423906522387593,0.02726107260010141,0.7910588235294118,-0.005176470588235227,0.08658823529411765,0.003764705882352934,0.32235294117647056,0.10729411764705879,0.4687058823529412,-0.1124705882352941,1.4392665133097209,-0.07974407248227444,True,FedAvg global QWK below clean-calibrated lower bound; FedAvg worst-site QWK below clean-calibrated lower bound; FedAvg mean absolute ordinal error above clean-calibrated upper bound,cross_site_blend_50,0.707061220871747,0.016774186839309646,0.707061220871747,0.016774186839309646,0.0,0.6615898993089596,0.036168054998286236,0.6615898993089596,0.036168054998286236,0.0,0.7035834199652753,0.023636125021324395,0.7035834199652753,0.023636125021324395,0.0,0.5392941176470588,0.016941176470588237,0.5392941176470588,0.016941176470588237,0.0,0.47423906522387593,0.02726107260010141,0.47423906522387593,0.02726107260010141,0.0
results\ordinal_harm_fair_weights_h_panda_all_noise_45_seed_2025\predictions.csv,45,2025,fedavg,cross_site_blend_50,0.6779709780399036,0.6460055680850161,0.683605851259627,0.08033573721255849,0.5355294117647059,0.4689681800995993,0.8061176470588235,0.09694117647058824,0.3058823529411765,0.5002352941176471,1.530164218884569,0.6690279254939973,-0.008943052545906327,0.6392618611327792,-0.006743706952236916,0.6804164160404496,-0.003189435219177472,0.0891834000176468,0.008847662805088308,0.5298823529411765,-0.0056470588235294494,0.4590766702467819,-0.009891509852817393,0.8465882352941176,0.04047058823529415,0.1068235294117647,0.009882352941176467,0.29411764705882354,-0.011764705882352955,0.5524705882352942,0.052235294117647046,1.421657018610324,-0.1085072002742451,True,FedAvg global QWK below clean-calibrated lower bound; FedAvg worst-site QWK below clean-calibrated lower bound; FedAvg mean absolute ordinal error above clean-calibrated upper bound; FedAvg severe ordinal error rate above clean-calibrated upper bound,cross_site_blend_50,0.6690279254939973,-0.008943052545906327,0.6690279254939973,-0.008943052545906327,0.0,0.6392618611327792,-0.006743706952236916,0.6392618611327792,-0.006743706952236916,0.0,0.6804164160404496,-0.003189435219177472,0.6804164160404496,-0.003189435219177472,0.0,0.5298823529411765,-0.0056470588235294494,0.5298823529411765,-0.0056470588235294494,0.0,0.4590766702467819,-0.009891509852817393,0.4590766702467819,-0.009891509852817393,0.0
results\ordinal_harm_fair_weights_h_panda_all_noise_45_seed_42\predictions.csv,45,42,fedavg,cross_site_blend_50,0.6754925326756467,0.6365655682398985,0.6912462456145598,0.14862912445956,0.5388235294117647,0.47234819864995137,0.8103529411764706,0.09364705882352942,0.2268235294117647,0.5835294117647059,1.491012391323679,0.6877803610395671,0.012287828363920394,0.6568988597254682,0.020333291485569727,0.7000170727688022,0.008770827154242378,0.1030852805395267,-0.0455438439200333,0.540235294117647,0.0014117647058823346,0.4767830643981876,0.004434865748236205,0.7952941176470588,-0.015058823529411791,0.09223529411764705,-0.0014117647058823624,0.2536470588235294,0.02682352941176469,0.5416470588235294,-0.04188235294117648,1.4246337737002814,-0.06637861762339758,True,FedAvg global QWK below clean-calibrated lower bound; FedAvg worst-site QWK below clean-calibrated lower bound; FedAvg site-QWK spread above clean-calibrated upper bound; FedAvg mean absolute ordinal error above clean-calibrated upper bound; FedAvg severe ordinal error rate above clean-calibrated upper bound,cross_site_blend_50,0.6877803610395671,0.012287828363920394,0.6877803610395671,0.012287828363920394,0.0,0.6568988597254682,0.020333291485569727,0.6568988597254682,0.020333291485569727,0.0,0.7000170727688022,0.008770827154242378,0.7000170727688022,0.008770827154242378,0.0,0.540235294117647,0.0014117647058823346,0.540235294117647,0.0014117647058823346,0.0,0.4767830643981876,0.004434865748236205,0.4767830643981876,0.004434865748236205,0.0
results\ordinal_harm_fair_weights_h_panda_all_noise_45_seed_7\predictions.csv,45,7,fedavg,cross_site_blend_50,0.6863760977764747,0.6555806196618275,0.6870541648289492,0.052926475019444585,0.5228235294117647,0.44502434592852397,0.8178823529411765,0.09788235294117648,0.25223529411764706,0.5656470588235294,1.5216628854082666,0.6977612755536045,0.011385177777129774,0.6696395610570436,0.014058941395216129,0.7039433897461085,0.016889224917159273,0.07329736797315545,0.020370892953710862,0.5397647058823529,0.016941176470588237,0.4719750815683856,0.02695073563986161,0.7811764705882352,-0.036705882352941255,0.09223529411764705,-0.005647058823529422,0.2541176470588235,0.0018823529411764461,0.5270588235294118,-0.03858823529411759,1.4509864768340301,-0.0706764085742364,True,FedAvg global QWK below clean-calibrated lower bound; FedAvg worst-site QWK below clean-calibrated lower bound; FedAvg mean absolute ordinal error above clean-calibrated upper bound; FedAvg severe ordinal error rate above clean-calibrated upper bound,cross_site_blend_50,0.6977612755536045,0.011385177777129774,0.6977612755536045,0.011385177777129774,0.0,0.6696395610570436,0.014058941395216129,0.6696395610570436,0.014058941395216129,0.0,0.7039433897461085,0.016889224917159273,0.7039433897461085,0.016889224917159273,0.0,0.5397647058823529,0.016941176470588237,0.5397647058823529,0.016941176470588237,0.0,0.4719750815683856,0.02695073563986161,0.4719750815683856,0.02695073563986161,0.0
results\ordinal_harm_fair_weights_h_panda_all_noise_45_seed_99\predictions.csv,45,99,fedavg,cross_site_blend_50,0.680570804630434,0.6359239911490293,0.6796394366057296,0.08026058217907606,0.5294117647058824,0.4697329245397925,0.8221176470588235,0.09929411764705882,0.27905882352941175,0.5430588235294118,1.527217367871025,0.6872704525845416,0.0066996479541076015,0.6401188426772865,0.00419485152825716,0.6817101998862956,0.0020707632805659903,0.1021795408291365,0.02191895865006044,0.5374117647058824,0.008000000000000007,0.4776774954936414,0.007944570953848928,0.7995294117647059,-0.022588235294117576,0.096,-0.0032941176470588224,0.2983529411764706,0.01929411764705885,0.5011764705882353,-0.04188235294117648,1.4338328646103913,-0.09338450326063374,True,FedAvg global QWK below clean-calibrated lower bound; FedAvg worst-site QWK below clean-calibrated lower bound; FedAvg mean absolute ordinal error above clean-calibrated upper bound; FedAvg severe ordinal error rate above clean-calibrated upper bound,cross_site_blend_50,0.6872704525845416,0.0066996479541076015,0.6872704525845416,0.0066996479541076015,0.0,0.6401188426772865,0.00419485152825716,0.6401188426772865,0.00419485152825716,0.0,0.6817101998862956,0.0020707632805659903,0.6817101998862956,0.0020707632805659903,0.0,0.5374117647058824,0.008000000000000007,0.5374117647058824,0.008000000000000007,0.0,0.4776774954936414,0.007944570953848928,0.4776774954936414,0.007944570953848928,0.0
results\cross_site_fedavg_panda_all_15seed_noise_0_seed_11\predictions.csv,0,11,fedavg,cross_site_blend_50,0.7429581080983443,0.7164217698801902,0.7441992641283725,0.05934968635546645,0.5745882352941176,0.5098279114359029,0.6922352941176471,0.07341176470588236,0.208,0.48423529411764704,1.156964949139127,0.7337225638667626,-0.009235544231581683,0.7119886879296122,-0.004433081950578011,0.743286473704899,-0.0009127904234734752,0.04333469873001439,-0.01601498762545206,0.5736470588235294,-0.0009411764705882231,0.5055207797599799,-0.004307131675923004,0.7105882352941176,0.018352941176470572,0.07858823529411765,0.005176470588235296,0.2343529411764706,0.026352941176470607,0.47623529411764703,-0.008000000000000007,1.1778074606925437,0.020842511553416765,False,,fedavg,0.7429581080983443,0.0,0.7429581080983443,0.0,0.0,0.7164217698801902,0.0,0.7164217698801902,0.0,0.0,0.7441992641283725,0.0,0.7441992641283725,0.0,0.0,0.5745882352941176,0.0,0.5745882352941176,0.0,0.0,0.5098279114359029,0.0,0.5098279114359029,0.0,0.0
results\cross_site_fedavg_panda_all_15seed_noise_0_seed_17\predictions.csv,0,17,fedavg,cross_site_blend_50,0.7239654930746602,0.6867531239805871,0.7097153911713731,0.0679690886509221,0.5727058823529412,0.5116310736011755,0.7171764705882353,0.07529411764705882,0.1971764705882353,0.52,1.1677552636809072,0.741825343260487,0.01785985018582681,0.6977504245196491,0.010997300539062005,0.7270813020050024,0.017365910833629372,0.0776750134260571,0.009705924775134989,0.5835294117647059,0.010823529411764676,0.5224528915476301,0.010821817946454537,0.6832941176470588,-0.033882352941176475,0.06823529411764706,-0.007058823529411756,0.16376470588235295,-0.033411764705882335,0.5195294117647059,-0.00047058823529411153,1.1786416934641828,0.010886429783275586,False,,fedavg,0.7239654930746602,0.0,0.7239654930746602,0.0,0.0,0.6867531239805871,0.0,0.6867531239805871,0.0,0.0,0.7097153911713731,0.0,0.7097153911713731,0.0,0.0,0.5727058823529412,0.0,0.5727058823529412,0.0,0.0,0.5116310736011755,0.0,0.5116310736011755,0.0,0.0
results\cross_site_fedavg_panda_all_15seed_noise_0_seed_23\predictions.csv,0,23,fedavg,cross_site_blend_50,0.7018818577459033,0.6673741964836729,0.7174845380245973,0.10021540319610533,0.56,0.4860606677435226,0.7637647058823529,0.09223529411764705,0.22823529411764706,0.5355294117647059,1.1418514026461681,0.7037645067143725,0.001882648968469236,0.6681155525660587,0.0007413560823857912,0.7204905791820245,0.0030060411574271972,0.1266562161989222,0.026440813002816865,0.5604705882352942,0.00047058823529411153,0.4889164480197272,0.0028557802762046447,0.7614117647058823,-0.0023529411764705577,0.09411764705882353,0.001882352941176474,0.21976470588235295,-0.008470588235294119,0.5416470588235294,0.00611764705882345,1.1372767953333078,-0.0045746073128603015,True,FedAvg global QWK below clean-calibrated lower bound; FedAvg mean absolute ordinal error above clean-calibrated upper bound; FedAvg severe ordinal error rate above clean-calibrated upper bound,cross_site_blend_50,0.7037645067143725,0.001882648968469236,0.7018818577459033,0.0,0.001882648968469236,0.6681155525660587,0.0007413560823857912,0.6673741964836729,0.0,0.0007413560823857912,0.7204905791820245,0.0030060411574271972,0.7174845380245973,0.0,0.0030060411574271972,0.5604705882352942,0.00047058823529411153,0.56,0.0,0.00047058823529411153,0.4889164480197272,0.0028557802762046447,0.4860606677435226,0.0,0.0028557802762046447
results\cross_site_fedavg_panda_all_15seed_noise_0_seed_31\predictions.csv,0,31,fedavg,cross_site_blend_50,0.7086968931815969,0.6738253917670043,0.7083238904839249,0.05180222475708751,0.5496470588235294,0.490416290241764,0.7463529411764706,0.08282352941176471,0.23952941176470588,0.5068235294117647,1.1670994637757057,0.7165003903666098,0.007803497185012942,0.6904800881334037,0.01665469636639938,0.7226313294886846,0.014307439004759726,0.05810686479753835,0.006304640040450837,0.5534117647058824,0.0037647058823530033,0.4950671262046908,0.004650835962926814,0.7557647058823529,0.009411764705882342,0.08470588235294117,0.00188235294117646,0.28752941176470587,0.04799999999999999,0.4682352941176471,-0.03858823529411759,1.1520586233386354,-0.015040840437070324,False,,fedavg,0.7086968931815969,0.0,0.7086968931815969,0.0,0.0,0.6738253917670043,0.0,0.6738253917670043,0.0,0.0,0.7083238904839249,0.0,0.7083238904839249,0.0,0.0,0.5496470588235294,0.0,0.5496470588235294,0.0,0.0,0.490416290241764,0.0,0.490416290241764,0.0,0.0
results\cross_site_fedavg_panda_all_15seed_noise_0_seed_37\predictions.csv,0,37,fedavg,cross_site_blend_50,0.7169013513435238,0.7072214848478993,0.7205745926518567,0.04176003813631313,0.5755294117647058,0.5218186688693097,0.7138823529411765,0.08235294117647059,0.18729411764705883,0.5265882352941177,1.1259510238729173,0.7209045782831497,0.004003226939625848,0.7026297227340665,-0.00459176211383272,0.7245873212371869,0.004012728585330194,0.03903533965764494,-0.002724698478668186,0.5604705882352942,-0.01505882352941168,0.4917730629816231,-0.03004560588768662,0.7331764705882353,0.019294117647058795,0.08470588235294117,0.0023529411764705854,0.22588235294117648,0.038588235294117645,0.5072941176470588,-0.019294117647058906,1.2102201270375847,0.0842691031646674,False,,fedavg,0.7169013513435238,0.0,0.7169013513435238,0.0,0.0,0.7072214848478993,0.0,0.7072214848478993,0.0,0.0,0.7205745926518567,0.0,0.7205745926518567,0.0,0.0,0.5755294117647058,0.0,0.5755294117647058,0.0,0.0,0.5218186688693097,0.0,0.5218186688693097,0.0,0.0
results\cross_site_fedavg_panda_all_15seed_noise_0_seed_43\predictions.csv,0,43,fedavg,cross_site_blend_50,0.746679487551388,0.7384839293613565,0.7506560624693208,0.027385802200084464,0.5736470588235294,0.5091526183482555,0.7035294117647058,0.07529411764705882,0.22541176470588234,0.47811764705882354,1.1308712252820465,0.7445723706908911,-0.002107116860496916,0.7254084860689003,-0.013075443292456246,0.7452269109662587,-0.005429151503062113,0.04016675684773241,0.012780954647647946,0.5816470588235294,0.008000000000000007,0.5208785983849045,0.01172598003664893,0.6889411764705883,-0.014588235294117569,0.07294117647058823,-0.0023529411764705854,0.19905882352941176,-0.02635294117647058,0.4898823529411765,0.011764705882352955,1.1779910486661687,0.04711982338412213,False,,fedavg,0.746679487551388,0.0,0.746679487551388,0.0,0.0,0.7384839293613565,0.0,0.7384839293613565,0.0,0.0,0.7506560624693208,0.0,0.7506560624693208,0.0,0.0,0.5736470588235294,0.0,0.5736470588235294,0.0,0.0,0.5091526183482555,0.0,0.5091526183482555,0.0,0.0
results\cross_site_fedavg_panda_all_15seed_noise_0_seed_53\predictions.csv,0,53,fedavg,cross_site_blend_50,0.7317556780937956,0.6740479638200556,0.7321636104952894,0.09335602335510151,0.5689411764705883,0.5085063095527034,0.7167058823529412,0.07858823529411765,0.21929411764705883,0.49741176470588233,1.1676241651479085,0.7278712679750026,-0.0038844101187930358,0.6610648798322412,-0.012983083987814448,0.7313916065488951,-0.0007720039463943174,0.12209764320290162,0.028741619847800104,0.5609411764705883,-0.008000000000000007,0.4933853771679242,-0.015120932384779184,0.7369411764705882,0.020235294117647018,0.08141176470588235,0.002823529411764697,0.24329411764705883,0.023999999999999994,0.49364705882352944,-0.0037647058823528923,1.1499776231798036,-0.01764654196810489,False,,fedavg,0.7317556780937956,0.0,0.7317556780937956,0.0,0.0,0.6740479638200556,0.0,0.6740479638200556,0.0,0.0,0.7321636104952894,0.0,0.7321636104952894,0.0,0.0,0.5689411764705883,0.0,0.5689411764705883,0.0,0.0,0.5085063095527034,0.0,0.5085063095527034,0.0,0.0
results\cross_site_fedavg_panda_all_15seed_noise_0_seed_61\predictions.csv,0,61,fedavg,cross_site_blend_50,0.7211026930906266,0.6684718812112709,0.7209312450409858,0.09621693081218818,0.5632941176470588,0.5043927912901451,0.7336470588235294,0.08329411764705882,0.23341176470588235,0.5002352941176471,1.1798273162743291,0.7105565632523003,-0.010546129838326257,0.6531147447012797,-0.015357136509991154,0.714380193086578,-0.0065510519544078605,0.09852159652977965,0.0023046657175914698,0.56,-0.0032941176470587807,0.49778797336604713,-0.006604817924098005,0.7407058823529412,0.007058823529411784,0.08752941176470588,0.004235294117647059,0.21788235294117647,-0.015529411764705875,0.5228235294117647,0.022588235294117576,1.2060218306572756,0.02619451438294651,False,,fedavg,0.7211026930906266,0.0,0.7211026930906266,0.0,0.0,0.6684718812112709,0.0,0.6684718812112709,0.0,0.0,0.7209312450409858,0.0,0.7209312450409858,0.0,0.0,0.5632941176470588,0.0,0.5632941176470588,0.0,0.0,0.5043927912901451,0.0,0.5043927912901451,0.0,0.0
results\cross_site_fedavg_panda_all_15seed_noise_0_seed_71\predictions.csv,0,71,fedavg,cross_site_blend_50,0.7071454069066581,0.6722995200226081,0.6994032619664934,0.05217893569897736,0.556235294117647,0.49795517083608226,0.7637647058823529,0.09223529411764705,0.2644705882352941,0.49929411764705883,1.1429777506387584,0.7098460229570844,0.0027006160504263743,0.6671487575203906,-0.005150762502217465,0.6976423114525541,-0.001760950513939319,0.06759888150824822,0.015419945809270863,0.5585882352941176,0.0023529411764705577,0.4957671125277657,-0.002188058308316587,0.7614117647058823,-0.0023529411764705577,0.09317647058823529,0.000941176470588237,0.2644705882352941,0.0,0.4969411764705882,-0.002352941176470613,1.1677367237923322,0.024758973153573782,True,FedAvg mean absolute ordinal error above clean-calibrated upper bound; FedAvg severe ordinal error rate above clean-calibrated upper bound,cross_site_blend_50,0.7098460229570844,0.0027006160504263743,0.7071454069066581,0.0,0.0027006160504263743,0.6671487575203906,-0.005150762502217465,0.6722995200226081,0.0,-0.005150762502217465,0.6976423114525541,-0.001760950513939319,0.6994032619664934,0.0,-0.001760950513939319,0.5585882352941176,0.0023529411764705577,0.556235294117647,0.0,0.0023529411764705577,0.4957671125277657,-0.002188058308316587,0.49795517083608226,0.0,-0.002188058308316587
results\cross_site_fedavg_panda_all_15seed_noise_0_seed_89\predictions.csv,0,89,fedavg,cross_site_blend_50,0.7223717151060192,0.6514452194509113,0.7168278057713979,0.11544443678134908,0.5736470588235294,0.5132168484458624,0.7232941176470589,0.08376470588235294,0.20094117647058823,0.5223529411764706,1.1574967813212962,0.7189292524112352,-0.0034424626947839876,0.632159549583122,-0.019285669867789235,0.7126797781508214,-0.004148027620576533,0.12910998087010683,0.013665544088757753,0.5623529411764706,-0.011294117647058788,0.4977431087177198,-0.015473739728142533,0.744,0.02070588235294113,0.08705882352941176,0.0032941176470588224,0.24941176470588236,0.048470588235294126,0.49458823529411766,-0.027764705882352914,1.176333778711934,0.01883699739063771,True,FedAvg worst-site QWK below clean-calibrated lower bound; FedAvg site-QWK spread above clean-calibrated upper bound,cross_site_blend_50,0.7189292524112352,-0.0034424626947839876,0.7223717151060192,0.0,-0.0034424626947839876,0.632159549583122,-0.019285669867789235,0.6514452194509113,0.0,-0.019285669867789235,0.7126797781508214,-0.004148027620576533,0.7168278057713979,0.0,-0.004148027620576533,0.5623529411764706,-0.011294117647058788,0.5736470588235294,0.0,-0.011294117647058788,0.4977431087177198,-0.015473739728142533,0.5132168484458624,0.0,-0.015473739728142533
results\cross_site_fedavg_panda_all_15seed_noise_25_seed_11\predictions.csv,25,11,fedavg,cross_site_blend_50,0.6950606616318921,0.673224395035271,0.7033648012610516,0.061775397668198284,0.556235294117647,0.4765894619055409,0.7698823529411765,0.09317647058823529,0.22447058823529412,0.5454117647058824,1.3947022923945558,0.732735719588931,0.03767505795703896,0.7037719616209348,0.03054756658566382,0.74150797706106,0.038143175800008366,0.07136288836664839,0.009587490698450107,0.5665882352941176,0.010352941176470565,0.4971575502596283,0.02056808835408741,0.7218823529411764,-0.04800000000000004,0.07952941176470588,-0.013647058823529415,0.23388235294117646,0.009411764705882342,0.488,-0.057411764705882384,1.3191413345676586,-0.0755609578268972,True,FedAvg global QWK below clean-calibrated lower bound; FedAvg mean absolute ordinal error above clean-calibrated upper bound; FedAvg severe ordinal error rate above clean-calibrated upper bound,cross_site_blend_50,0.732735719588931,0.03767505795703896,0.732735719588931,0.03767505795703896,0.0,0.7037719616209348,0.03054756658566382,0.7037719616209348,0.03054756658566382,0.0,0.74150797706106,0.038143175800008366,0.74150797706106,0.038143175800008366,0.0,0.5665882352941176,0.010352941176470565,0.5665882352941176,0.010352941176470565,0.0,0.4971575502596283,0.02056808835408741,0.4971575502596283,0.02056808835408741,0.0
results\cross_site_fedavg_panda_all_15seed_noise_25_seed_17\predictions.csv,25,17,fedavg,cross_site_blend_50,0.7027584274589401,0.6633110441619516,0.6872997167523905,0.07373578028940009,0.5567058823529412,0.48602388384259626,0.7614117647058823,0.08564705882352941,0.22211764705882353,0.5392941176470588,1.3663511125246461,0.7230953345516501,0.020336907092709966,0.6736138821531252,0.010302837991173597,0.7059466048989794,0.01864688814658888,0.08834970659285712,0.014613926303457037,0.563764705882353,0.007058823529411784,0.4978168324975118,0.011792948654915536,0.7228235294117648,-0.03858823529411759,0.0748235294117647,-0.010823529411764704,0.2164705882352941,-0.005647058823529422,0.5063529411764706,-0.03294117647058825,1.35482371514461,-0.011527397380036053,True,FedAvg global QWK below clean-calibrated lower bound; FedAvg worst-site QWK below clean-calibrated lower bound,cross_site_blend_50,0.7230953345516501,0.020336907092709966,0.7230953345516501,0.020336907092709966,0.0,0.6736138821531252,0.010302837991173597,0.6736138821531252,0.010302837991173597,0.0,0.7059466048989794,0.01864688814658888,0.7059466048989794,0.01864688814658888,0.0,0.563764705882353,0.007058823529411784,0.563764705882353,0.007058823529411784,0.0,0.4978168324975118,0.011792948654915536,0.4978168324975118,0.011792948654915536,0.0
results\cross_site_fedavg_panda_all_15seed_noise_25_seed_23\predictions.csv,25,23,fedavg,cross_site_blend_50,0.6794642762598411,0.6386453932017405,0.6975992428891262,0.11570242375967799,0.5378823529411765,0.45039356278215353,0.819764705882353,0.10305882352941176,0.22447058823529412,0.5952941176470589,1.3397790289751592,0.6840358011490457,0.004571524889204648,0.6367492715516563,-0.001896121650084237,0.7055884963665005,0.007989253477374225,0.1190188261909908,0.003316402431312815,0.5430588235294118,0.005176470588235338,0.4674730649474825,0.01707950216532894,0.8056470588235294,-0.014117647058823568,0.10258823529411765,-0.00047058823529411153,0.2291764705882353,0.004705882352941171,0.5764705882352941,-0.018823529411764794,1.2882714900494554,-0.05150753892570381,True,FedAvg global QWK below clean-calibrated lower bound; FedAvg worst-site QWK below clean-calibrated lower bound; FedAvg site-QWK spread above clean-calibrated upper bound; FedAvg mean absolute ordinal error above clean-calibrated upper bound; FedAvg severe ordinal error rate above clean-calibrated upper bound,cross_site_blend_50,0.6840358011490457,0.004571524889204648,0.6840358011490457,0.004571524889204648,0.0,0.6367492715516563,-0.001896121650084237,0.6367492715516563,-0.001896121650084237,0.0,0.7055884963665005,0.007989253477374225,0.7055884963665005,0.007989253477374225,0.0,0.5430588235294118,0.005176470588235338,0.5430588235294118,0.005176470588235338,0.0,0.4674730649474825,0.01707950216532894,0.4674730649474825,0.01707950216532894,0.0
results\cross_site_fedavg_panda_all_15seed_noise_25_seed_31\predictions.csv,25,31,fedavg,cross_site_blend_50,0.6852677839258406,0.6454968519025458,0.6921628757200268,0.09823279695779041,0.5369411764705883,0.4764889775114482,0.7816470588235294,0.0903529411764706,0.24235294117647058,0.5392941176470588,1.3700430551721479,0.6898512167431855,0.004583432817344857,0.6191076235752333,-0.026389228327312497,0.6971531555283452,0.004990279808318454,0.13115477096873163,0.03292197401094121,0.5392941176470588,0.0023529411764705577,0.46605862453102403,-0.010430352980424162,0.7971764705882353,0.015529411764705903,0.09411764705882353,0.003764705882352934,0.2621176470588235,0.019764705882352934,0.5350588235294118,-0.004235294117647004,1.3220940309340932,-0.047949024238054694,True,FedAvg global QWK below clean-calibrated lower bound; FedAvg worst-site QWK below clean-calibrated lower bound; FedAvg mean absolute ordinal error above clean-calibrated upper bound; FedAvg severe ordinal error rate above clean-calibrated upper bound,cross_site_blend_50,0.6898512167431855,0.004583432817344857,0.6898512167431855,0.004583432817344857,0.0,0.6191076235752333,-0.026389228327312497,0.6191076235752333,-0.026389228327312497,0.0,0.6971531555283452,0.004990279808318454,0.6971531555283452,0.004990279808318454,0.0,0.5392941176470588,0.0023529411764705577,0.5392941176470588,0.0023529411764705577,0.0,0.46605862453102403,-0.010430352980424162,0.46605862453102403,-0.010430352980424162,0.0
results\cross_site_fedavg_panda_all_15seed_noise_25_seed_37\predictions.csv,25,37,fedavg,cross_site_blend_50,0.7016052784039035,0.6763312162215472,0.6983017597586982,0.03575982088874452,0.5515294117647059,0.4857938349221363,0.7665882352941177,0.08894117647058823,0.23058823529411765,0.536,1.3449696391583394,0.6943350242675386,-0.007270254136364951,0.6515292611915207,-0.02480195503002658,0.6864901747660624,-0.011811584992635793,0.06327624950315269,0.027516428614408173,0.5487058823529412,-0.0028235294117647802,0.47545312491321723,-0.010340710008919063,0.784,0.01741176470588235,0.09411764705882353,0.005176470588235296,0.272,0.04141176470588237,0.512,-0.02400000000000002,1.3491422905795476,0.004172651421208151,True,FedAvg global QWK below clean-calibrated lower bound; FedAvg mean absolute ordinal error above clean-calibrated upper bound,cross_site_blend_50,0.6943350242675386,-0.007270254136364951,0.6943350242675386,-0.007270254136364951,0.0,0.6515292611915207,-0.02480195503002658,0.6515292611915207,-0.02480195503002658,0.0,0.6864901747660624,-0.011811584992635793,0.6864901747660624,-0.011811584992635793,0.0,0.5487058823529412,-0.0028235294117647802,0.5487058823529412,-0.0028235294117647802,0.0,0.47545312491321723,-0.010340710008919063,0.47545312491321723,-0.010340710008919063,0.0
results\cross_site_fedavg_panda_all_15seed_noise_25_seed_43\predictions.csv,25,43,fedavg,cross_site_blend_50,0.7211292301876354,0.7089025341218811,0.7250993484681104,0.059433016524394366,0.5463529411764706,0.4833399467101867,0.7637647058823529,0.08282352941176471,0.2621176470588235,0.5016470588235294,1.3533184552424085,0.7287330453866246,0.007603815198989228,0.70590177920273,-0.003000754919151083,0.7372716882073933,0.01217233973928289,0.07173554086414591,0.012302524339751542,0.5623529411764706,0.016000000000000014,0.5036808634692514,0.020340916759064742,0.7345882352941177,-0.029176470588235248,0.08282352941176471,0.0,0.23247058823529412,-0.029647058823529387,0.5021176470588236,0.00047058823529411153,1.3342154288251593,-0.019103026417249147,True,FedAvg mean absolute ordinal error above clean-calibrated upper bound,cross_site_blend_50,0.7287330453866246,0.007603815198989228,0.7287330453866246,0.007603815198989228,0.0,0.70590177920273,-0.003000754919151083,0.70590177920273,-0.003000754919151083,0.0,0.7372716882073933,0.01217233973928289,0.7372716882073933,0.01217233973928289,0.0,0.5623529411764706,0.016000000000000014,0.5623529411764706,0.016000000000000014,0.0,0.5036808634692514,0.020340916759064742,0.5036808634692514,0.020340916759064742,0.0
results\cross_site_fedavg_panda_all_15seed_noise_25_seed_53\predictions.csv,25,53,fedavg,cross_site_blend_50,0.7099572423846213,0.6329814069671575,0.7102892661486153,0.12846570036376848,0.5449411764705883,0.48806331310863055,0.7670588235294118,0.08847058823529412,0.2503529411764706,0.5167058823529411,1.3478732103530437,0.7203989210687778,0.010441678684156463,0.6577461278478858,0.02476472088072823,0.7229941018017533,0.012704835653137958,0.10521793525402123,-0.023247765109747243,0.5430588235294118,-0.0018823529411764461,0.47802533154163873,-0.010037981566991816,0.7604705882352941,-0.0065882352941176725,0.08235294117647059,-0.006117647058823533,0.24094117647058824,-0.00941176470588237,0.5195294117647059,0.0028235294117647802,1.3164088302600414,-0.03146438009300234,True,FedAvg worst-site QWK below clean-calibrated lower bound; FedAvg site-QWK spread above clean-calibrated upper bound; FedAvg mean absolute ordinal error above clean-calibrated upper bound,cross_site_blend_50,0.7203989210687778,0.010441678684156463,0.7203989210687778,0.010441678684156463,0.0,0.6577461278478858,0.02476472088072823,0.6577461278478858,0.02476472088072823,0.0,0.7229941018017533,0.012704835653137958,0.7229941018017533,0.012704835653137958,0.0,0.5430588235294118,-0.0018823529411764461,0.5430588235294118,-0.0018823529411764461,0.0,0.47802533154163873,-0.010037981566991816,0.47802533154163873,-0.010037981566991816,0.0
results\cross_site_fedavg_panda_all_15seed_noise_25_seed_61\predictions.csv,25,61,fedavg,cross_site_blend_50,0.6832703285371113,0.6340465361297029,0.6934412566094839,0.10179478761363725,0.5501176470588235,0.4855501016368902,0.7934117647058824,0.09835294117647059,0.2484705882352941,0.5449411764705883,1.3724624229878615,0.6841193391116613,0.0008490105745500021,0.5918800174821155,-0.04216651864758736,0.6892269184148937,-0.0042143381945901615,0.14702586773077675,0.0452310801171395,0.5425882352941176,-0.007529411764705896,0.4741191504716982,-0.011430951165191994,0.7948235294117647,0.0014117647058823346,0.09647058823529411,-0.001882352941176474,0.2376470588235294,-0.010823529411764704,0.5571764705882353,0.012235294117647011,1.345020725059339,-0.02744169792852258,True,FedAvg global QWK below clean-calibrated lower bound; FedAvg worst-site QWK below clean-calibrated lower bound; FedAvg mean absolute ordinal error above clean-calibrated upper bound; FedAvg severe ordinal error rate above clean-calibrated upper bound,cross_site_blend_50,0.6841193391116613,0.0008490105745500021,0.6841193391116613,0.0008490105745500021,0.0,0.5918800174821155,-0.04216651864758736,0.5918800174821155,-0.04216651864758736,0.0,0.6892269184148937,-0.0042143381945901615,0.6892269184148937,-0.0042143381945901615,0.0,0.5425882352941176,-0.007529411764705896,0.5425882352941176,-0.007529411764705896,0.0,0.4741191504716982,-0.011430951165191994,0.4741191504716982,-0.011430951165191994,0.0
results\cross_site_fedavg_panda_all_15seed_noise_25_seed_71\predictions.csv,25,71,fedavg,cross_site_blend_50,0.6901198981630439,0.6430194157790732,0.6788609708120887,0.06935614736442341,0.5378823529411765,0.47838643115850704,0.8075294117647058,0.09788235294117648,0.28894117647058826,0.5185882352941177,1.366638396995646,0.679604328360889,-0.010515569802154845,0.637153212520593,-0.005866203258480196,0.6688872766055732,-0.009973694206515504,0.07266891712357748,0.003312769759154066,0.5510588235294117,0.013176470588235234,0.48115829502751867,0.002771863869011626,0.8127058823529412,0.005176470588235338,0.10776470588235294,0.009882352941176467,0.3068235294117647,0.01788235294117646,0.5058823529411764,-0.012705882352941233,1.3130963378719838,-0.05354205912366217,True,FedAvg global QWK below clean-calibrated lower bound; FedAvg worst-site QWK below clean-calibrated lower bound; FedAvg mean absolute ordinal error above clean-calibrated upper bound; FedAvg severe ordinal error rate above clean-calibrated upper bound,cross_site_blend_50,0.679604328360889,-0.010515569802154845,0.679604328360889,-0.010515569802154845,0.0,0.637153212520593,-0.005866203258480196,0.637153212520593,-0.005866203258480196,0.0,0.6688872766055732,-0.009973694206515504,0.6688872766055732,-0.009973694206515504,0.0,0.5510588235294117,0.013176470588235234,0.5510588235294117,0.013176470588235234,0.0,0.48115829502751867,0.002771863869011626,0.48115829502751867,0.002771863869011626,0.0
results\cross_site_fedavg_panda_all_15seed_noise_25_seed_89\predictions.csv,25,89,fedavg,cross_site_blend_50,0.691499931840257,0.5809537155488453,0.6813810823680753,0.15009356793182282,0.5421176470588235,0.47576127660002693,0.7863529411764706,0.0908235294117647,0.20094117647058823,0.5854117647058823,1.376689394413574,0.7028102436303898,0.011310311790132754,0.6270073224942843,0.04605360694543892,0.6989857252432842,0.01760464287520891,0.10683121127862549,-0.04326235665319733,0.5454117647058824,0.0032941176470588918,0.4775166216673637,0.0017553450673367665,0.7717647058823529,-0.01458823529411768,0.088,-0.002823529411764711,0.23294117647058823,0.032,0.5388235294117647,-0.0465882352941176,1.319193577266413,-0.05749581714716112,True,FedAvg global QWK below clean-calibrated lower bound; FedAvg worst-site QWK below clean-calibrated lower bound; FedAvg site-QWK spread above clean-calibrated upper bound; FedAvg mean absolute ordinal error above clean-calibrated upper bound; FedAvg severe ordinal error rate above clean-calibrated upper bound,cross_site_blend_50,0.7028102436303898,0.011310311790132754,0.7028102436303898,0.011310311790132754,0.0,0.6270073224942843,0.04605360694543892,0.6270073224942843,0.04605360694543892,0.0,0.6989857252432842,0.01760464287520891,0.6989857252432842,0.01760464287520891,0.0,0.5454117647058824,0.0032941176470588918,0.5454117647058824,0.0032941176470588918,0.0,0.4775166216673637,0.0017553450673367665,0.4775166216673637,0.0017553450673367665,0.0
results\cross_site_fedavg_panda_all_15seed_noise_35_seed_11\predictions.csv,35,11,fedavg,cross_site_blend_50,0.702807502462627,0.6783829132392698,0.7131585153059514,0.055189224586805086,0.5496470588235294,0.4712471027092178,0.7750588235294118,0.08894117647058823,0.2263529411764706,0.5487058823529412,1.4553583897260083,0.7175865248402333,0.01477902237760631,0.6880069280386016,0.009624014799331837,0.7302168378212816,0.017058322515330127,0.0813531305533145,0.026163905966509415,0.5552941176470588,0.0056470588235294494,0.4832926438818947,0.012045541172676866,0.7463529411764706,-0.028705882352941248,0.08282352941176471,-0.006117647058823519,0.23341176470588235,0.007058823529411756,0.5129411764705882,-0.03576470588235292,1.4011080651573058,-0.05425032456870249,True,FedAvg global QWK below clean-calibrated lower bound; FedAvg mean absolute ordinal error above clean-calibrated upper bound,cross_site_blend_50,0.7175865248402333,0.01477902237760631,0.7175865248402333,0.01477902237760631,0.0,0.6880069280386016,0.009624014799331837,0.6880069280386016,0.009624014799331837,0.0,0.7302168378212816,0.017058322515330127,0.7302168378212816,0.017058322515330127,0.0,0.5552941176470588,0.0056470588235294494,0.5552941176470588,0.0056470588235294494,0.0,0.4832926438818947,0.012045541172676866,0.4832926438818947,0.012045541172676866,0.0
results\cross_site_fedavg_panda_all_15seed_noise_35_seed_17\predictions.csv,35,17,fedavg,cross_site_blend_50,0.7080945163561085,0.6778869007857478,0.695830345429813,0.057522050867597874,0.5548235294117647,0.4858721438583873,0.7585882352941177,0.08329411764705882,0.23670588235294118,0.5218823529411765,1.446629131925112,0.7128595115509524,0.004764995194843857,0.6734015766480863,-0.0044853241376614505,0.6990809133677398,0.003250567937926774,0.07001316481019138,0.012491113942593501,0.5590588235294117,0.004235294117647004,0.494717982209174,0.008845838350786728,0.7411764705882353,-0.01741176470588235,0.07905882352941176,-0.004235294117647059,0.21788235294117647,-0.01882352941176471,0.5232941176470588,0.0014117647058823346,1.406467735829219,-0.04016139609589309,False,,fedavg,0.7080945163561085,0.0,0.7128595115509524,0.004764995194843857,-0.004764995194843857,0.6778869007857478,0.0,0.6734015766480863,-0.0044853241376614505,0.0044853241376614505,0.695830345429813,0.0,0.6990809133677398,0.003250567937926774,-0.003250567937926774,0.5548235294117647,0.0,0.5590588235294117,0.004235294117647004,-0.004235294117647004,0.4858721438583873,0.0,0.494717982209174,0.008845838350786728,-0.008845838350786728
results\cross_site_fedavg_panda_all_15seed_noise_35_seed_23\predictions.csv,35,23,fedavg,cross_site_blend_50,0.6733359157539927,0.6309207322633987,0.6936413799296838,0.12889383310825653,0.5261176470588236,0.4334494861634049,0.8475294117647059,0.10776470588235294,0.25741176470588234,0.5901176470588235,1.4246599867990646,0.6814696088417833,0.008133693087790661,0.6427754472864065,0.011854715023007723,0.6986163762742182,0.004974996344534466,0.1205426750204156,-0.008351158087840926,0.5345882352941177,0.008470588235294119,0.4603884158772586,0.0269389297138537,0.8169411764705883,-0.030588235294117583,0.104,-0.003764705882352948,0.23811764705882352,-0.019294117647058823,0.5788235294117647,-0.011294117647058788,1.3481750423076468,-0.07648494449141774,True,FedAvg global QWK below clean-calibrated lower bound; FedAvg worst-site QWK below clean-calibrated lower bound; FedAvg site-QWK spread above clean-calibrated upper bound; FedAvg mean absolute ordinal error above clean-calibrated upper bound; FedAvg severe ordinal error rate above clean-calibrated upper bound,cross_site_blend_50,0.6814696088417833,0.008133693087790661,0.6814696088417833,0.008133693087790661,0.0,0.6427754472864065,0.011854715023007723,0.6427754472864065,0.011854715023007723,0.0,0.6986163762742182,0.004974996344534466,0.6986163762742182,0.004974996344534466,0.0,0.5345882352941177,0.008470588235294119,0.5345882352941177,0.008470588235294119,0.0,0.4603884158772586,0.0269389297138537,0.4603884158772586,0.0269389297138537,0.0
results\cross_site_fedavg_panda_all_15seed_noise_35_seed_31\predictions.csv,35,31,fedavg,cross_site_blend_50,0.6792882526885161,0.6297966245489945,0.6820669949104412,0.08666642010572279,0.5275294117647059,0.466228354158319,0.7976470588235294,0.09458823529411765,0.2484705882352941,0.5491764705882353,1.4521463119752178,0.6817190567259843,0.002430804037468204,0.6291804992694598,-0.0006161252795346961,0.6923704882557108,0.010303493345269588,0.1159129847701228,0.02924656466440001,0.5383529411764706,0.010823529411764676,0.4685929223214251,0.0023645681631060955,0.8018823529411765,0.004235294117647115,0.09694117647058824,0.0023529411764705854,0.24329411764705883,-0.005176470588235282,0.5585882352941176,0.009411764705882342,1.377431630185515,-0.07471468178970286,True,FedAvg global QWK below clean-calibrated lower bound; FedAvg worst-site QWK below clean-calibrated lower bound; FedAvg mean absolute ordinal error above clean-calibrated upper bound; FedAvg severe ordinal error rate above clean-calibrated upper bound,cross_site_blend_50,0.6817190567259843,0.002430804037468204,0.6817190567259843,0.002430804037468204,0.0,0.6291804992694598,-0.0006161252795346961,0.6291804992694598,-0.0006161252795346961,0.0,0.6923704882557108,0.010303493345269588,0.6923704882557108,0.010303493345269588,0.0,0.5383529411764706,0.010823529411764676,0.5383529411764706,0.010823529411764676,0.0,0.4685929223214251,0.0023645681631060955,0.4685929223214251,0.0023645681631060955,0.0
results\cross_site_fedavg_panda_all_15seed_noise_35_seed_37\predictions.csv,35,37,fedavg,cross_site_blend_50,0.6738387889261934,0.6403667312937464,0.6663248488782975,0.048793444541096465,0.5444705882352942,0.47967864424856205,0.7985882352941176,0.09458823529411765,0.21741176470588236,0.5811764705882353,1.4243384721445003,0.695137735180721,0.02129894625452755,0.6620673610087866,0.021700629715040165,0.6902950124383627,0.023970163560065205,0.04705757715597492,-0.0017358673851215478,0.5501176470588235,0.005647058823529338,0.4720302439812585,-0.007648400267303568,0.7783529411764706,-0.020235294117647018,0.09176470588235294,-0.002823529411764711,0.248,0.03058823529411764,0.5303529411764706,-0.05082352941176471,1.393763418220141,-0.03057505392435922,True,FedAvg global QWK below clean-calibrated lower bound; FedAvg worst-site QWK below clean-calibrated lower bound; FedAvg mean absolute ordinal error above clean-calibrated upper bound; FedAvg severe ordinal error rate above clean-calibrated upper bound,cross_site_blend_50,0.695137735180721,0.02129894625452755,0.695137735180721,0.02129894625452755,0.0,0.6620673610087866,0.021700629715040165,0.6620673610087866,0.021700629715040165,0.0,0.6902950124383627,0.023970163560065205,0.6902950124383627,0.023970163560065205,0.0,0.5501176470588235,0.005647058823529338,0.5501176470588235,0.005647058823529338,0.0,0.4720302439812585,-0.007648400267303568,0.4720302439812585,-0.007648400267303568,0.0
results\cross_site_fedavg_panda_all_15seed_noise_35_seed_43\predictions.csv,35,43,fedavg,cross_site_blend_50,0.725117067789953,0.7071324255342382,0.7257759162436028,0.056809459044954935,0.5510588235294117,0.4825551114984879,0.7567058823529412,0.08235294117647059,0.2348235294117647,0.5218823529411765,1.421951677794332,0.732724291235546,0.007607223445593059,0.6982483236879485,-0.008884101846289627,0.7362948458956036,0.010518929652000741,0.08616633860014944,0.029356879555194504,0.5642352941176471,0.013176470588235345,0.5049945732422775,0.02243946174378958,0.723764705882353,-0.03294117647058825,0.07952941176470588,-0.002823529411764711,0.21976470588235295,-0.015058823529411763,0.504,-0.01788235294117646,1.3825337600202992,-0.03941791777403281,False,,fedavg,0.725117067789953,0.0,0.732724291235546,0.007607223445593059,-0.007607223445593059,0.7071324255342382,0.0,0.6982483236879485,-0.008884101846289627,0.008884101846289627,0.7257759162436028,0.0,0.7362948458956036,0.010518929652000741,-0.010518929652000741,0.5510588235294117,0.0,0.5642352941176471,0.013176470588235345,-0.013176470588235345,0.4825551114984879,0.0,0.5049945732422775,0.02243946174378958,-0.02243946174378958
results\cross_site_fedavg_panda_all_15seed_noise_35_seed_53\predictions.csv,35,53,fedavg,cross_site_blend_50,0.7009774759911245,0.5937438008143932,0.7063815806972741,0.16791826210044836,0.5336470588235294,0.47967626284505127,0.7943529411764706,0.09129411764705882,0.2771764705882353,0.5171764705882353,1.450145083915061,0.71328525789638,0.0123077819052555,0.6442121196336595,0.05046831881926639,0.7159752747460674,0.009593694048793289,0.11567445337684312,-0.052243808723605234,0.5407058823529411,0.007058823529411784,0.46975269304964806,-0.009923569795403209,0.7708235294117647,-0.02352941176470591,0.08658823529411765,-0.004705882352941171,0.22447058823529412,-0.052705882352941186,0.5463529411764706,0.029176470588235248,1.3744048032950111,-0.07574028062004978,True,FedAvg global QWK below clean-calibrated lower bound; FedAvg worst-site QWK below clean-calibrated lower bound; FedAvg site-QWK spread above clean-calibrated upper bound; FedAvg mean absolute ordinal error above clean-calibrated upper bound; FedAvg severe ordinal error rate above clean-calibrated upper bound,cross_site_blend_50,0.71328525789638,0.0123077819052555,0.71328525789638,0.0123077819052555,0.0,0.6442121196336595,0.05046831881926639,0.6442121196336595,0.05046831881926639,0.0,0.7159752747460674,0.009593694048793289,0.7159752747460674,0.009593694048793289,0.0,0.5407058823529411,0.007058823529411784,0.5407058823529411,0.007058823529411784,0.0,0.46975269304964806,-0.009923569795403209,0.46975269304964806,-0.009923569795403209,0.0
results\cross_site_fedavg_panda_all_15seed_noise_35_seed_61\predictions.csv,35,61,fedavg,cross_site_blend_50,0.6780136149482089,0.5824396567178587,0.6780706281842521,0.14367553780755005,0.532235294117647,0.46304038067476966,0.819764705882353,0.10258823529411765,0.264,0.5557647058823529,1.4448023073818865,0.683879644084426,0.0058660291362171435,0.583949250563857,0.0015095938459983582,0.684753315600872,0.006682687416619926,0.13972118668781242,-0.003954351119737631,0.5435294117647059,0.011294117647058899,0.4767765764433487,0.01373619576857904,0.8018823529411765,-0.01788235294117646,0.1011764705882353,-0.0014117647058823485,0.25741176470588234,-0.0065882352941176725,0.5444705882352942,-0.011294117647058788,1.3906512014723185,-0.054151105909568065,True,FedAvg global QWK below clean-calibrated lower bound; FedAvg worst-site QWK below clean-calibrated lower bound; FedAvg site-QWK spread above clean-calibrated upper bound; FedAvg mean absolute ordinal error above clean-calibrated upper bound; FedAvg severe ordinal error rate above clean-calibrated upper bound,cross_site_blend_50,0.683879644084426,0.0058660291362171435,0.683879644084426,0.0058660291362171435,0.0,0.583949250563857,0.0015095938459983582,0.583949250563857,0.0015095938459983582,0.0,0.684753315600872,0.006682687416619926,0.684753315600872,0.006682687416619926,0.0,0.5435294117647059,0.011294117647058899,0.5435294117647059,0.011294117647058899,0.0,0.4767765764433487,0.01373619576857904,0.4767765764433487,0.01373619576857904,0.0
results\cross_site_fedavg_panda_all_15seed_noise_35_seed_71\predictions.csv,35,71,fedavg,cross_site_blend_50,0.6791511979235159,0.622724346880341,0.6642128660064819,0.08622957143612453,0.5284705882352941,0.46465023648900655,0.8390588235294117,0.104,0.3265882352941176,0.5124705882352941,1.4171550018496677,0.6856966289454127,0.006545431021896864,0.6253488095290576,0.00262446264871663,0.6741874257263876,0.009974559719905685,0.09421141786231191,0.007981846426187378,0.536,0.007529411764705896,0.4630121379176815,-0.001638098571325075,0.8183529411764706,-0.02070588235294113,0.10352941176470588,-0.00047058823529411153,0.2936470588235294,-0.032941176470588196,0.5247058823529411,0.012235294117647011,1.3771033471261245,-0.04005165472354322,True,FedAvg global QWK below clean-calibrated lower bound; FedAvg worst-site QWK below clean-calibrated lower bound; FedAvg mean absolute ordinal error above clean-calibrated upper bound; FedAvg severe ordinal error rate above clean-calibrated upper bound,cross_site_blend_50,0.6856966289454127,0.006545431021896864,0.6856966289454127,0.006545431021896864,0.0,0.6253488095290576,0.00262446264871663,0.6253488095290576,0.00262446264871663,0.0,0.6741874257263876,0.009974559719905685,0.6741874257263876,0.009974559719905685,0.0,0.536,0.007529411764705896,0.536,0.007529411764705896,0.0,0.4630121379176815,-0.001638098571325075,0.4630121379176815,-0.001638098571325075,0.0
results\cross_site_fedavg_panda_all_15seed_noise_35_seed_89\predictions.csv,35,89,fedavg,cross_site_blend_50,0.6815538683925325,0.612817303680883,0.6765780104341379,0.11938414931384378,0.5327058823529411,0.4649109020518735,0.804235294117647,0.09317647058823529,0.19811764705882354,0.6061176470588235,1.4389857295377713,0.6897732459768311,0.008219377584298582,0.6134160597886655,0.0005987561077824832,0.6850294214082666,0.008451410974128715,0.12855048232583144,0.00916633301198766,0.5407058823529411,0.008000000000000007,0.47150113523502096,0.0065902331831474426,0.7868235294117647,-0.01741176470588235,0.09129411764705882,-0.001882352941176474,0.2272941176470588,0.029176470588235276,0.5595294117647058,-0.04658823529411771,1.3914631408921618,-0.04752258864560943,True,FedAvg global QWK below clean-calibrated lower bound; FedAvg worst-site QWK below clean-calibrated lower bound; FedAvg site-QWK spread above clean-calibrated upper bound; FedAvg mean absolute ordinal error above clean-calibrated upper bound; FedAvg severe ordinal error rate above clean-calibrated upper bound,cross_site_blend_50,0.6897732459768311,0.008219377584298582,0.6897732459768311,0.008219377584298582,0.0,0.6134160597886655,0.0005987561077824832,0.6134160597886655,0.0005987561077824832,0.0,0.6850294214082666,0.008451410974128715,0.6850294214082666,0.008451410974128715,0.0,0.5407058823529411,0.008000000000000007,0.5407058823529411,0.008000000000000007,0.0,0.47150113523502096,0.0065902331831474426,0.47150113523502096,0.0065902331831474426,0.0
results\cross_site_fedavg_panda_all_15seed_noise_45_seed_11\predictions.csv,45,11,fedavg,cross_site_blend_50,0.6919246834578112,0.659476487370946,0.7001800507219968,0.07999562074828037,0.5378823529411765,0.4554136184860294,0.8,0.09552941176470588,0.20847058823529413,0.5915294117647059,1.517330478730091,0.7000498136271328,0.008125130169321593,0.6744215264764946,0.014945039105548563,0.711003845278946,0.010823794556949151,0.06482910780167184,-0.015166512946608535,0.5397647058823529,0.0018823529411764461,0.4577359240697427,0.002322305583713269,0.7901176470588235,-0.009882352941176564,0.09176470588235294,-0.003764705882352934,0.2541176470588235,0.045647058823529374,0.536,-0.05552941176470583,1.4339585566078998,-0.08337192212219113,True,FedAvg global QWK below clean-calibrated lower bound; FedAvg worst-site QWK below clean-calibrated lower bound; FedAvg mean absolute ordinal error above clean-calibrated upper bound; FedAvg severe ordinal error rate above clean-calibrated upper bound,cross_site_blend_50,0.7000498136271328,0.008125130169321593,0.7000498136271328,0.008125130169321593,0.0,0.6744215264764946,0.014945039105548563,0.6744215264764946,0.014945039105548563,0.0,0.711003845278946,0.010823794556949151,0.711003845278946,0.010823794556949151,0.0,0.5397647058823529,0.0018823529411764461,0.5397647058823529,0.0018823529411764461,0.0,0.4577359240697427,0.002322305583713269,0.4577359240697427,0.002322305583713269,0.0
results\cross_site_fedavg_panda_all_15seed_noise_45_seed_17\predictions.csv,45,17,fedavg,cross_site_blend_50,0.699242730571462,0.6513030828532212,0.6854659364916867,0.07780450666030791,0.5397647058823529,0.46602459367774635,0.788235294117647,0.09129411764705882,0.2508235294117647,0.5374117647058824,1.5064451379168977,0.7065837564249628,0.007341025853500827,0.6419135721072082,-0.009389510746013019,0.6919788679368157,0.006512931445128989,0.09815585977702279,0.020351353116714876,0.552,0.012235294117647122,0.4899203907331587,0.023895797055412338,0.7581176470588236,-0.03011764705882347,0.08235294117647059,-0.00894117647058823,0.21976470588235295,-0.031058823529411778,0.5383529411764706,0.0009411764705882231,1.4615273844382597,-0.04491775347863802,True,FedAvg global QWK below clean-calibrated lower bound; FedAvg worst-site QWK below clean-calibrated lower bound; FedAvg mean absolute ordinal error above clean-calibrated upper bound; FedAvg severe ordinal error rate above clean-calibrated upper bound,cross_site_blend_50,0.7065837564249628,0.007341025853500827,0.7065837564249628,0.007341025853500827,0.0,0.6419135721072082,-0.009389510746013019,0.6419135721072082,-0.009389510746013019,0.0,0.6919788679368157,0.006512931445128989,0.6919788679368157,0.006512931445128989,0.0,0.552,0.012235294117647122,0.552,0.012235294117647122,0.0,0.4899203907331587,0.023895797055412338,0.4899203907331587,0.023895797055412338,0.0
results\cross_site_fedavg_panda_all_15seed_noise_45_seed_23\predictions.csv,45,23,fedavg,cross_site_blend_50,0.6709619794482587,0.626392849916455,0.6911011845706841,0.13612790875848602,0.5327058823529411,0.4535446217461367,0.8470588235294118,0.10776470588235294,0.2837647058823529,0.5632941176470588,1.486847468250448,0.6636329238589884,-0.007329055589270328,0.6318033423467169,0.005410492430261815,0.6786086543689818,-0.012492530201702379,0.10428437228519494,-0.03184353647329108,0.528,-0.004705882352941115,0.4495553341463418,-0.0039892875997948885,0.8512941176470589,0.004235294117647115,0.11388235294117648,0.006117647058823533,0.23952941176470588,-0.04423529411764704,0.611764705882353,0.048470588235294154,1.4075985285188688,-0.0792489397315792,True,FedAvg global QWK below clean-calibrated lower bound; FedAvg worst-site QWK below clean-calibrated lower bound; FedAvg site-QWK spread above clean-calibrated upper bound; FedAvg mean absolute ordinal error above clean-calibrated upper bound; FedAvg severe ordinal error rate above clean-calibrated upper bound,cross_site_blend_50,0.6636329238589884,-0.007329055589270328,0.6636329238589884,-0.007329055589270328,0.0,0.6318033423467169,0.005410492430261815,0.6318033423467169,0.005410492430261815,0.0,0.6786086543689818,-0.012492530201702379,0.6786086543689818,-0.012492530201702379,0.0,0.528,-0.004705882352941115,0.528,-0.004705882352941115,0.0,0.4495553341463418,-0.0039892875997948885,0.4495553341463418,-0.0039892875997948885,0.0
results\cross_site_fedavg_panda_all_15seed_noise_45_seed_31\predictions.csv,45,31,fedavg,cross_site_blend_50,0.6950253239287822,0.6589816889662952,0.7101314563409022,0.08997211619725842,0.5247058823529411,0.45774332633511605,0.7896470588235294,0.08894117647058823,0.24329411764705883,0.5463529411764706,1.492053149256232,0.6772677079547305,-0.017757615974051788,0.632646225984228,-0.026335462982067126,0.6863543555510849,-0.023777100789817318,0.09672863397544029,0.00675651777818187,0.5237647058823529,-0.0009411764705882231,0.4430852728870618,-0.014658053448054265,0.8315294117647059,0.04188235294117648,0.09741176470588235,0.008470588235294119,0.28141176470588236,0.038117647058823534,0.5501176470588235,0.0037647058823528923,1.440704304605041,-0.05134884465119094,True,FedAvg global QWK below clean-calibrated lower bound; FedAvg worst-site QWK below clean-calibrated lower bound; FedAvg mean absolute ordinal error above clean-calibrated upper bound,cross_site_blend_50,0.6772677079547305,-0.017757615974051788,0.6772677079547305,-0.017757615974051788,0.0,0.632646225984228,-0.026335462982067126,0.632646225984228,-0.026335462982067126,0.0,0.6863543555510849,-0.023777100789817318,0.6863543555510849,-0.023777100789817318,0.0,0.5237647058823529,-0.0009411764705882231,0.5237647058823529,-0.0009411764705882231,0.0,0.4430852728870618,-0.014658053448054265,0.4430852728870618,-0.014658053448054265,0.0
results\cross_site_fedavg_panda_all_15seed_noise_45_seed_37\predictions.csv,45,37,fedavg,cross_site_blend_50,0.6643971247179498,0.5967249197440945,0.6541151025724959,0.08732460276243792,0.5294117647058824,0.4516834456442464,0.8362352941176471,0.10258823529411765,0.2767058823529412,0.5595294117647058,1.496459587201735,0.6899433999013311,0.025546275183381373,0.636098990150854,0.039374070406759554,0.6831485275393281,0.029033424966832144,0.07540041344049331,-0.011924189321944612,0.532235294117647,0.002823529411764669,0.45845822461916635,0.006774778974919959,0.7976470588235294,-0.0385882352941177,0.09317647058823529,-0.009411764705882356,0.26776470588235296,-0.00894117647058823,0.5298823529411765,-0.02964705882352936,1.4378563175334378,-0.05860326966829721,True,FedAvg global QWK below clean-calibrated lower bound; FedAvg worst-site QWK below clean-calibrated lower bound; FedAvg mean absolute ordinal error above clean-calibrated upper bound; FedAvg severe ordinal error rate above clean-calibrated upper bound,cross_site_blend_50,0.6899433999013311,0.025546275183381373,0.6899433999013311,0.025546275183381373,0.0,0.636098990150854,0.039374070406759554,0.636098990150854,0.039374070406759554,0.0,0.6831485275393281,0.029033424966832144,0.6831485275393281,0.029033424966832144,0.0,0.532235294117647,0.002823529411764669,0.532235294117647,0.002823529411764669,0.0,0.45845822461916635,0.006774778974919959,0.45845822461916635,0.006774778974919959,0.0
results\cross_site_fedavg_panda_all_15seed_noise_45_seed_43\predictions.csv,45,43,fedavg,cross_site_blend_50,0.7113146203509728,0.6899655553389225,0.7144322624081358,0.06754579478136047,0.5444705882352942,0.47816857168502436,0.7863529411764706,0.09317647058823529,0.25694117647058823,0.5294117647058824,1.4933855383825747,0.7239440058530234,0.012629385502050616,0.7105911852243759,0.020625629885453467,0.7305781333237217,0.016145870915585836,0.03959047840313823,-0.02795531637822224,0.5548235294117647,0.010352941176470565,0.48972212316679503,0.011553551481770674,0.7501176470588236,-0.03623529411764703,0.08282352941176471,-0.010352941176470579,0.2451764705882353,-0.011764705882352927,0.5049411764705882,-0.024470588235294133,1.4296612639130981,-0.0637242744694766,True,FedAvg mean absolute ordinal error above clean-calibrated upper bound; FedAvg severe ordinal error rate above clean-calibrated upper bound,cross_site_blend_50,0.7239440058530234,0.012629385502050616,0.7239440058530234,0.012629385502050616,0.0,0.7105911852243759,0.020625629885453467,0.7105911852243759,0.020625629885453467,0.0,0.7305781333237217,0.016145870915585836,0.7305781333237217,0.016145870915585836,0.0,0.5548235294117647,0.010352941176470565,0.5548235294117647,0.010352941176470565,0.0,0.48972212316679503,0.011553551481770674,0.48972212316679503,0.011553551481770674,0.0
results\cross_site_fedavg_panda_all_15seed_noise_45_seed_53\predictions.csv,45,53,fedavg,cross_site_blend_50,0.6909626038781163,0.6312304612824147,0.6943004340417487,0.0892550430365584,0.5303529411764706,0.46545141567729753,0.8141176470588235,0.09741176470588235,0.27905882352941175,0.5350588235294118,1.4916441887185485,0.7148541642624382,0.02389156038432194,0.6542245824605784,0.022994121178163685,0.7183456565787789,0.02404522253703023,0.10606435062002384,0.016809307583465438,0.5364705882352941,0.006117647058823561,0.4618262334094782,-0.003625182267819327,0.7783529411764706,-0.03576470588235292,0.08564705882352941,-0.011764705882352941,0.2447058823529412,-0.03435294117647056,0.5336470588235294,-0.0014117647058824456,1.4217486433110307,-0.06989554540751786,True,FedAvg global QWK below clean-calibrated lower bound; FedAvg worst-site QWK below clean-calibrated lower bound; FedAvg mean absolute ordinal error above clean-calibrated upper bound; FedAvg severe ordinal error rate above clean-calibrated upper bound,cross_site_blend_50,0.7148541642624382,0.02389156038432194,0.7148541642624382,0.02389156038432194,0.0,0.6542245824605784,0.022994121178163685,0.6542245824605784,0.022994121178163685,0.0,0.7183456565787789,0.02404522253703023,0.7183456565787789,0.02404522253703023,0.0,0.5364705882352941,0.006117647058823561,0.5364705882352941,0.006117647058823561,0.0,0.4618262334094782,-0.003625182267819327,0.4618262334094782,-0.003625182267819327,0.0
results\cross_site_fedavg_panda_all_15seed_noise_45_seed_61\predictions.csv,45,61,fedavg,cross_site_blend_50,0.669484547085341,0.5925004652598419,0.6763251974917195,0.14343582984740844,0.5261176470588236,0.45258520681163433,0.8418823529411765,0.10917647058823529,0.27952941176470586,0.5623529411764706,1.5006695789607358,0.6756249844005411,0.006140437315200087,0.5840534521158129,-0.008447013144028959,0.6782656152625153,0.0019404177707957881,0.14205734810802584,-0.0013784817393825977,0.5364705882352941,0.010352941176470565,0.4677968251554819,0.015211618343847544,0.8174117647058824,-0.024470588235294133,0.10541176470588236,-0.003764705882352934,0.27294117647058824,-0.006588235294117617,0.5444705882352942,-0.01788235294117646,1.4367743905111128,-0.06389518844962305,True,FedAvg global QWK below clean-calibrated lower bound; FedAvg worst-site QWK below clean-calibrated lower bound; FedAvg site-QWK spread above clean-calibrated upper bound; FedAvg mean absolute ordinal error above clean-calibrated upper bound; FedAvg severe ordinal error rate above clean-calibrated upper bound,cross_site_blend_50,0.6756249844005411,0.006140437315200087,0.6756249844005411,0.006140437315200087,0.0,0.5840534521158129,-0.008447013144028959,0.5840534521158129,-0.008447013144028959,0.0,0.6782656152625153,0.0019404177707957881,0.6782656152625153,0.0019404177707957881,0.0,0.5364705882352941,0.010352941176470565,0.5364705882352941,0.010352941176470565,0.0,0.4677968251554819,0.015211618343847544,0.4677968251554819,0.015211618343847544,0.0
results\cross_site_fedavg_panda_all_15seed_noise_45_seed_71\predictions.csv,45,71,fedavg,cross_site_blend_50,0.6853885372397208,0.6192764910389674,0.6691620601351292,0.09698116994032713,0.5345882352941177,0.4660956982943755,0.8272941176470588,0.10588235294117647,0.29976470588235293,0.5275294117647059,1.4960264524349605,0.6750905945274102,-0.01029794271231066,0.6419415759231728,0.022665084884205378,0.663652698656698,-0.005509361478431285,0.055675020661975605,-0.04130614927835152,0.5327058823529411,-0.0018823529411765572,0.45614313012575797,-0.00995256816861756,0.8362352941176471,0.00894117647058823,0.10823529411764705,0.0023529411764705854,0.28611764705882353,-0.013647058823529401,0.5501176470588235,0.022588235294117576,1.417018266098988,-0.0790081863359724,True,FedAvg global QWK below clean-calibrated lower bound; FedAvg worst-site QWK below clean-calibrated lower bound; FedAvg mean absolute ordinal error above clean-calibrated upper bound; FedAvg severe ordinal error rate above clean-calibrated upper bound,cross_site_blend_50,0.6750905945274102,-0.01029794271231066,0.6750905945274102,-0.01029794271231066,0.0,0.6419415759231728,0.022665084884205378,0.6419415759231728,0.022665084884205378,0.0,0.663652698656698,-0.005509361478431285,0.663652698656698,-0.005509361478431285,0.0,0.5327058823529411,-0.0018823529411765572,0.5327058823529411,-0.0018823529411765572,0.0,0.45614313012575797,-0.00995256816861756,0.45614313012575797,-0.00995256816861756,0.0
results\cross_site_fedavg_panda_all_15seed_noise_45_seed_89\predictions.csv,45,89,fedavg,cross_site_blend_50,0.6747003053832404,0.5796373366376195,0.665991409202358,0.14078868327957506,0.5284705882352941,0.46458308680918964,0.8216470588235294,0.0988235294117647,0.22447058823529412,0.5971764705882353,1.489391656852136,0.6858946053939718,0.011194300010731406,0.5961010370466095,0.016463700408990034,0.6824960222612799,0.016504613058921924,0.14012765138115757,-0.0006610318984174857,0.5327058823529411,0.004235294117647004,0.4634507476467988,-0.0011323391623908607,0.7976470588235294,-0.02400000000000002,0.09270588235294118,-0.006117647058823519,0.2131764705882353,-0.011294117647058816,0.5844705882352941,-0.012705882352941233,1.4313216131032582,-0.0580700437488777,True,FedAvg global QWK below clean-calibrated lower bound; FedAvg worst-site QWK below clean-calibrated lower bound; FedAvg site-QWK spread above clean-calibrated upper bound; FedAvg mean absolute ordinal error above clean-calibrated upper bound; FedAvg severe ordinal error rate above clean-calibrated upper bound,cross_site_blend_50,0.6858946053939718,0.011194300010731406,0.6858946053939718,0.011194300010731406,0.0,0.5961010370466095,0.016463700408990034,0.5961010370466095,0.016463700408990034,0.0,0.6824960222612799,0.016504613058921924,0.6824960222612799,0.016504613058921924,0.0,0.5327058823529411,0.004235294117647004,0.5327058823529411,0.004235294117647004,0.0,0.4634507476467988,-0.0011323391623908607,0.4634507476467988,-0.0011323391623908607,0.0
