fold,seed,run_id,path,expected_size_bytes,expected_sha256,bytes_accessible,observed_sha256,torch_load,stored_method,stored_seed,epoch_count,stored_config,state_dict_key_shape_validation
0,801,fold0-pathoalign_dep20-seed801-1ceda8f5a7100fc2,results/scorpion/pathoalign_capacity_matched_ablations_v1/cells/fold_0/pathoalign_dep20/seed_801/fold0-pathoalign_dep20-seed801-1ceda8f5a7100fc2/attempts/attempt_001/checkpoint.pt,6208098,c4fc76e1b92fa0de4ae27fbcf8e88a96914d7684d28a500827bbc16207233f97,false,,not_attempted_missing,,,,not_attempted_missing
0,802,fold0-pathoalign_dep20-seed802-3bb821dc3eb31139,results/scorpion/pathoalign_capacity_matched_ablations_v1/cells/fold_0/pathoalign_dep20/seed_802/fold0-pathoalign_dep20-seed802-3bb821dc3eb31139/attempts/attempt_001/checkpoint.pt,6208098,58d36272b6d0dfe79a2fb690de965a41bc05e6553c9d9bd5c05287d88e522959,false,,not_attempted_missing,,,,not_attempted_missing
0,803,fold0-pathoalign_dep20-seed803-a297742f2bcf32b1,results/scorpion/pathoalign_capacity_matched_ablations_v1/cells/fold_0/pathoalign_dep20/seed_803/fold0-pathoalign_dep20-seed803-a297742f2bcf32b1/attempts/attempt_001/checkpoint.pt,6208098,c1648672231292711c5e1f03fdd7500ae0bd19cd7f6b1ae2b58da34b3791fc00,false,,not_attempted_missing,,,,not_attempted_missing
0,804,fold0-pathoalign_dep20-seed804-a43abd823cb52b25,results/scorpion/pathoalign_capacity_matched_ablations_v1/cells/fold_0/pathoalign_dep20/seed_804/fold0-pathoalign_dep20-seed804-a43abd823cb52b25/attempts/attempt_001/checkpoint.pt,6208098,8335161c09ae3d6dfcf83745eb23c8baa87ef261ba2a37f6bf334efa43bd46ec,false,,not_attempted_missing,,,,not_attempted_missing
0,805,fold0-pathoalign_dep20-seed805-92d6ec49d1237cd4,results/scorpion/pathoalign_capacity_matched_ablations_v1/cells/fold_0/pathoalign_dep20/seed_805/fold0-pathoalign_dep20-seed805-92d6ec49d1237cd4/attempts/attempt_001/checkpoint.pt,6208098,213eb604480658c5705dc2926930c62f9cf6652160adba47ddd143652cf646cb,false,,not_attempted_missing,,,,not_attempted_missing
1,801,fold1-pathoalign_dep20-seed801-27f4e444145758cc,results/scorpion/pathoalign_capacity_matched_ablations_v1/cells/fold_1/pathoalign_dep20/seed_801/fold1-pathoalign_dep20-seed801-27f4e444145758cc/attempts/attempt_001/checkpoint.pt,6208098,33eef30817b8e2372aa433e024efdc78d21adab4b76907be44ca5f7069198617,false,,not_attempted_missing,,,,not_attempted_missing
1,802,fold1-pathoalign_dep20-seed802-05f04896be90dfd1,results/scorpion/pathoalign_capacity_matched_ablations_v1/cells/fold_1/pathoalign_dep20/seed_802/fold1-pathoalign_dep20-seed802-05f04896be90dfd1/attempts/attempt_001/checkpoint.pt,6208098,66d592e92f28fc34c39f121ed200434ea3f31fd3ab39169f17ea4fe7b6704b2c,false,,not_attempted_missing,,,,not_attempted_missing
1,803,fold1-pathoalign_dep20-seed803-58b3c7d8f69b2e7e,results/scorpion/pathoalign_capacity_matched_ablations_v1/cells/fold_1/pathoalign_dep20/seed_803/fold1-pathoalign_dep20-seed803-58b3c7d8f69b2e7e/attempts/attempt_001/checkpoint.pt,6208098,41e1a8e39a770974f818432c52f8cd0dac53b9176b1551329c845e101703fdef,false,,not_attempted_missing,,,,not_attempted_missing
1,804,fold1-pathoalign_dep20-seed804-21a14c66d0cf592c,results/scorpion/pathoalign_capacity_matched_ablations_v1/cells/fold_1/pathoalign_dep20/seed_804/fold1-pathoalign_dep20-seed804-21a14c66d0cf592c/attempts/attempt_001/checkpoint.pt,6208098,4518d07614aa11b608399327569c7bdf852d3ba31d512616366c64e9bccf1c8a,false,,not_attempted_missing,,,,not_attempted_missing
1,805,fold1-pathoalign_dep20-seed805-adeb32993e1162cc,results/scorpion/pathoalign_capacity_matched_ablations_v1/cells/fold_1/pathoalign_dep20/seed_805/fold1-pathoalign_dep20-seed805-adeb32993e1162cc/attempts/attempt_001/checkpoint.pt,6208098,b91bc7f94da58d802a32c6bad80b6906752b3d12c924026d2319eba3be628192,false,,not_attempted_missing,,,,not_attempted_missing
2,801,fold2-pathoalign_dep20-seed801-7dea92ea551ddfab,results/scorpion/pathoalign_capacity_matched_ablations_v1/cells/fold_2/pathoalign_dep20/seed_801/fold2-pathoalign_dep20-seed801-7dea92ea551ddfab/attempts/attempt_001/checkpoint.pt,6208098,8ed65598518c6f1befbdff6cf0a502a4c991d77a76915c4835cd473c534ef50c,false,,not_attempted_missing,,,,not_attempted_missing
2,802,fold2-pathoalign_dep20-seed802-02cc7e90c3f74285,results/scorpion/pathoalign_capacity_matched_ablations_v1/cells/fold_2/pathoalign_dep20/seed_802/fold2-pathoalign_dep20-seed802-02cc7e90c3f74285/attempts/attempt_001/checkpoint.pt,6208098,58c8a48cc2c1bd3336e3093d47bac6e00bd699b8047b9d666fd4fcf45bada840,false,,not_attempted_missing,,,,not_attempted_missing
2,803,fold2-pathoalign_dep20-seed803-11e006b8c92b478e,results/scorpion/pathoalign_capacity_matched_ablations_v1/cells/fold_2/pathoalign_dep20/seed_803/fold2-pathoalign_dep20-seed803-11e006b8c92b478e/attempts/attempt_001/checkpoint.pt,6208098,a0dd0b8b7d9ef8dcfe1f200612e314c88e74fc8e226ec290de0207e2c8940943,false,,not_attempted_missing,,,,not_attempted_missing
2,804,fold2-pathoalign_dep20-seed804-37f842f5f91a24a9,results/scorpion/pathoalign_capacity_matched_ablations_v1/cells/fold_2/pathoalign_dep20/seed_804/fold2-pathoalign_dep20-seed804-37f842f5f91a24a9/attempts/attempt_001/checkpoint.pt,6208098,22ec616ac15abee297eb07cde6d84a3dccd9df73db83769011583e71c9b42714,false,,not_attempted_missing,,,,not_attempted_missing
2,805,fold2-pathoalign_dep20-seed805-c847c1b984ed8abb,results/scorpion/pathoalign_capacity_matched_ablations_v1/cells/fold_2/pathoalign_dep20/seed_805/fold2-pathoalign_dep20-seed805-c847c1b984ed8abb/attempts/attempt_001/checkpoint.pt,6208098,11ae0a09a19b5727ac06c9b9dedc3d13022828d7b767c96b4b125d88feb801c5,false,,not_attempted_missing,,,,not_attempted_missing
3,801,fold3-pathoalign_dep20-seed801-7c9ffbf17c94d36f,results/scorpion/pathoalign_capacity_matched_ablations_v1/cells/fold_3/pathoalign_dep20/seed_801/fold3-pathoalign_dep20-seed801-7c9ffbf17c94d36f/attempts/attempt_001/checkpoint.pt,6208098,7ec2e92b67ec89dd26ff3a1d8a837887eccc4c8c7746df237ade605aac63cae0,false,,not_attempted_missing,,,,not_attempted_missing
3,802,fold3-pathoalign_dep20-seed802-0d826a14158b802c,results/scorpion/pathoalign_capacity_matched_ablations_v1/cells/fold_3/pathoalign_dep20/seed_802/fold3-pathoalign_dep20-seed802-0d826a14158b802c/attempts/attempt_001/checkpoint.pt,6208098,83eb83551a5b41e9477e564b487a1a744edbf54085fbdaea119b9665e487235b,false,,not_attempted_missing,,,,not_attempted_missing
3,803,fold3-pathoalign_dep20-seed803-7ac9296a09782eeb,results/scorpion/pathoalign_capacity_matched_ablations_v1/cells/fold_3/pathoalign_dep20/seed_803/fold3-pathoalign_dep20-seed803-7ac9296a09782eeb/attempts/attempt_001/checkpoint.pt,6208098,b87344e32d05ed1fa9636028cde68408f367b3e28468872096b4e846bcd59d18,false,,not_attempted_missing,,,,not_attempted_missing
3,804,fold3-pathoalign_dep20-seed804-341f43894202117e,results/scorpion/pathoalign_capacity_matched_ablations_v1/cells/fold_3/pathoalign_dep20/seed_804/fold3-pathoalign_dep20-seed804-341f43894202117e/attempts/attempt_001/checkpoint.pt,6208098,529b1397f3f11db015e22a2265ab9b7d223ddf387a3e5a3f98d53597a14d317c,false,,not_attempted_missing,,,,not_attempted_missing
3,805,fold3-pathoalign_dep20-seed805-2b019e59ff17579d,results/scorpion/pathoalign_capacity_matched_ablations_v1/cells/fold_3/pathoalign_dep20/seed_805/fold3-pathoalign_dep20-seed805-2b019e59ff17579d/attempts/attempt_001/checkpoint.pt,6208098,c67144e3ebb894cf219bea9c8b3c247c8a34507de701818cf380d542623e753a,false,,not_attempted_missing,,,,not_attempted_missing
4,801,fold4-pathoalign_dep20-seed801-d00f0fff0e270121,results/scorpion/pathoalign_capacity_matched_ablations_v1/cells/fold_4/pathoalign_dep20/seed_801/fold4-pathoalign_dep20-seed801-d00f0fff0e270121/attempts/attempt_001/checkpoint.pt,6208098,38850e5eb9ec1f8f8ea4884e2ce2b869d1743ed4544311f0112a225e31850d9d,false,,not_attempted_missing,,,,not_attempted_missing
4,802,fold4-pathoalign_dep20-seed802-9e46641cfac5dc8c,results/scorpion/pathoalign_capacity_matched_ablations_v1/cells/fold_4/pathoalign_dep20/seed_802/fold4-pathoalign_dep20-seed802-9e46641cfac5dc8c/attempts/attempt_001/checkpoint.pt,6208098,d86a70b48b2cda5a2d66039a50b214dfe1519d8281c07eba610831664376f627,false,,not_attempted_missing,,,,not_attempted_missing
4,803,fold4-pathoalign_dep20-seed803-363ee1fe43090055,results/scorpion/pathoalign_capacity_matched_ablations_v1/cells/fold_4/pathoalign_dep20/seed_803/fold4-pathoalign_dep20-seed803-363ee1fe43090055/attempts/attempt_001/checkpoint.pt,6208098,affdd57afeeef24effd7e078e4b566a9d1114b84c04b1415fd347078ccd0c475,false,,not_attempted_missing,,,,not_attempted_missing
4,804,fold4-pathoalign_dep20-seed804-19cc2a4f69508554,results/scorpion/pathoalign_capacity_matched_ablations_v1/cells/fold_4/pathoalign_dep20/seed_804/fold4-pathoalign_dep20-seed804-19cc2a4f69508554/attempts/attempt_001/checkpoint.pt,6208098,703f611b1a8bccb22db761b7cd18d706d1501450d4c7a82a08c4b2cc8711180d,false,,not_attempted_missing,,,,not_attempted_missing
4,805,fold4-pathoalign_dep20-seed805-d0c12ca42f2c2ff3,results/scorpion/pathoalign_capacity_matched_ablations_v1/cells/fold_4/pathoalign_dep20/seed_805/fold4-pathoalign_dep20-seed805-d0c12ca42f2c2ff3/attempts/attempt_001/checkpoint.pt,6208098,0042ea013f950cdeee1554c9b804250d60b63d9bf0823938bf43f8e316e687c9,false,,not_attempted_missing,,,,not_attempted_missing
