acquisition_effective_rank,acquisition_metrics_applicable,acquisition_retrieval_top1_average,acquisition_scanner_probe_balanced_accuracy,biological_effective_rank,biological_nonzero_variance_fraction,cross_covariance_rms,fold,n_fit_slides,n_test_slides,pair_cosine_average,pair_cosine_worst,retrieval_top1_average,retrieval_top1_worst,run_id,scanner_probe_balanced_accuracy,seed,variant
24.673186490478585,True,0.9425000000000001,0.788,57.8878180249772,1.0,0.1439487636089325,0,38,10,0.8740010142326355,0.8513461351394653,1.0,1.0,fold0-no_acquisition_classifier-seed801-84d95fa4bd1c72eb,0.372,801,no_acquisition_classifier
23.71070079198634,True,0.9205,0.7739999999999998,57.22740162689005,1.0,0.1445055902004242,0,38,10,0.8739669442176818,0.8503797650337219,1.0,1.0,fold0-no_acquisition_classifier-seed802-7fc8d21cc142e6db,0.342,802,no_acquisition_classifier
24.29679799879616,True,0.9325000000000001,0.7860000000000001,57.85674531894676,1.0,0.1438884288072586,0,38,10,0.8727993726730346,0.8468388915061951,1.0,1.0,fold0-no_acquisition_classifier-seed803-ef2271e3025b140f,0.35,803,no_acquisition_classifier
24.64407918757201,True,0.9285,0.7799999999999999,56.89463876600542,1.0,0.14602512121200562,0,38,10,0.8741773366928101,0.8480165004730225,1.0,1.0,fold0-no_acquisition_classifier-seed804-5e64cfd9e334aae5,0.384,804,no_acquisition_classifier
25.12019019798005,True,0.943,0.774,57.819733736192,1.0,0.14351844787597656,0,38,10,0.8743520677089691,0.8489729166030884,1.0,1.0,fold0-no_acquisition_classifier-seed805-d8e74b077f70122a,0.386,805,no_acquisition_classifier
25.448654282552955,True,0.96,0.7859999999999999,58.76099132409146,1.0,0.1415095180273056,1,38,10,0.8735040307044983,0.8357236385345459,1.0,1.0,fold1-no_acquisition_classifier-seed801-ac2d514034fce32f,0.362,801,no_acquisition_classifier
24.30412700614341,True,0.9504999999999999,0.784,59.12676986584765,1.0,0.14260438084602356,1,38,10,0.8737375378608704,0.8364672660827637,1.0,1.0,fold1-no_acquisition_classifier-seed802-9815955efad004f8,0.354,802,no_acquisition_classifier
24.852712933184353,True,0.9625,0.794,59.99691339746091,1.0,0.14235897362232208,1,38,10,0.8687945365905761,0.8307302594184875,1.0,1.0,fold1-no_acquisition_classifier-seed803-37a7034b4ae0100e,0.376,803,no_acquisition_classifier
24.43597921958203,True,0.9535,0.7719999999999999,58.98940013359062,1.0,0.14053897559642792,1,38,10,0.8737958073616028,0.837303638458252,1.0,1.0,fold1-no_acquisition_classifier-seed804-78dea2eccd90f3f3,0.39,804,no_acquisition_classifier
25.342097256060242,True,0.9514999999999999,0.742,59.03816668977379,1.0,0.14218875765800476,1,38,10,0.8745957255363465,0.8381864428520203,1.0,1.0,fold1-no_acquisition_classifier-seed805-2eb4789a82dae741,0.378,805,no_acquisition_classifier
23.71048597623894,True,0.9420000000000002,0.788,58.36490477972397,1.0,0.13997909426689148,2,38,10,0.8722717523574829,0.8409208059310913,1.0,1.0,fold2-no_acquisition_classifier-seed801-4ddbb0848af77efc,0.386,801,no_acquisition_classifier
24.22253207629322,True,0.9395,0.776,58.190001856205654,1.0,0.13959218561649323,2,38,10,0.8735985696315766,0.8414372801780701,1.0,1.0,fold2-no_acquisition_classifier-seed802-0be44bae02f9c0b2,0.358,802,no_acquisition_classifier
24.2652824090076,True,0.9404999999999999,0.8,58.765194388020376,1.0,0.14425352215766907,2,38,10,0.871500837802887,0.8387758135795593,1.0,1.0,fold2-no_acquisition_classifier-seed803-7632d47dbe822f53,0.39799999999999996,803,no_acquisition_classifier
24.907119695664868,True,0.9490000000000001,0.792,58.007324458842156,1.0,0.14332622289657593,2,38,10,0.8721101224422455,0.8408262729644775,1.0,1.0,fold2-no_acquisition_classifier-seed804-dc3e71f3add3e52a,0.372,804,no_acquisition_classifier
24.3694962199126,True,0.952,0.778,59.06505758209598,1.0,0.14047090709209442,2,38,10,0.8709395945072174,0.8393608927726746,1.0,1.0,fold2-no_acquisition_classifier-seed805-1096eeb5540f9182,0.372,805,no_acquisition_classifier
20.832515212065278,True,0.828888888888889,0.8244444444444443,50.39588259688458,1.0,0.14155589044094086,3,39,9,0.8820250928401947,0.8547778725624084,0.9988888888888889,0.9944444444444445,fold3-no_acquisition_classifier-seed801-bc140340287af636,0.4644444444444444,801,no_acquisition_classifier
19.536375109750058,True,0.795,0.8333333333333334,49.39304372142673,1.0,0.14017780125141144,3,39,9,0.8874215066432953,0.8607823848724365,1.0,1.0,fold3-no_acquisition_classifier-seed802-38024593e479b915,0.4377777777777777,802,no_acquisition_classifier
20.214412029203576,True,0.831111111111111,0.8688888888888888,50.514709745612166,1.0,0.14253152906894684,3,39,9,0.8846723437309265,0.8599295616149902,1.0,1.0,fold3-no_acquisition_classifier-seed803-f0628358fdcf4443,0.47555555555555556,803,no_acquisition_classifier
20.452273763866216,True,0.821111111111111,0.8333333333333333,49.28023878799539,1.0,0.14438962936401367,3,39,9,0.8866378843784333,0.8604808449745178,1.0,1.0,fold3-no_acquisition_classifier-seed804-51e3976b1a3f3140,0.4488888888888889,804,no_acquisition_classifier
20.568539566974994,True,0.8422222222222222,0.8333333333333334,49.76984064971149,1.0,0.1432524174451828,3,39,9,0.8874659478664398,0.8578874468803406,1.0,1.0,fold3-no_acquisition_classifier-seed805-e16210eeae5016b3,0.47555555555555556,805,no_acquisition_classifier
19.45615534727892,True,0.7688888888888888,0.7666666666666666,49.118411396128145,1.0,0.14828139543533325,4,39,9,0.8859915733337402,0.8594163060188293,1.0,1.0,fold4-no_acquisition_classifier-seed801-21f65f92184813bb,0.44666666666666666,801,no_acquisition_classifier
17.842507828937887,True,0.7427777777777778,0.7577777777777778,50.57530150478108,1.0,0.1420920491218567,4,39,9,0.8808029651641845,0.8541333675384521,0.9994444444444444,0.9944444444444445,fold4-no_acquisition_classifier-seed802-944fe8c24a042e3f,0.3977777777777778,802,no_acquisition_classifier
18.744990836841065,True,0.7738888888888888,0.7844444444444445,49.80137874531512,1.0,0.14553211629390717,4,39,9,0.8842028975486755,0.8585230708122253,1.0,1.0,fold4-no_acquisition_classifier-seed803-c8fddade555579ba,0.4177777777777778,803,no_acquisition_classifier
17.850038971995243,True,0.72,0.7688888888888888,48.576672452648225,1.0,0.14559966325759888,4,39,9,0.8844912827014924,0.8606175184249878,0.9994444444444444,0.9944444444444445,fold4-no_acquisition_classifier-seed804-73ca0ee229802323,0.428888888888889,804,no_acquisition_classifier
19.526326087632874,True,0.7566666666666666,0.7666666666666668,50.054929130162996,1.0,0.1400570422410965,4,39,9,0.8851914584636689,0.8621613383293152,1.0,1.0,fold4-no_acquisition_classifier-seed805-f52423b2dd52d7b4,0.42444444444444435,805,no_acquisition_classifier
5.271491513205771,True,0.0855,0.836,56.43584011463096,1.0,0.09542098641395569,0,38,10,0.8773619949817657,0.8539555072784424,1.0,1.0,fold0-no_adversary-seed801-31ee5d51a9cd82f6,0.276,801,no_adversary
4.5613381460298195,True,0.0795,0.8460000000000001,56.084194689193666,1.0,0.09275529533624649,0,38,10,0.8754350781440735,0.8528666496276855,1.0,1.0,fold0-no_adversary-seed802-9a241deb41f96f51,0.28400000000000003,802,no_adversary
4.969157876137786,True,0.0815,0.844,56.12748160479102,1.0,0.09592615067958832,0,38,10,0.8776457786560059,0.8544049263000488,1.0,1.0,fold0-no_adversary-seed803-a8459e6ea6309a5b,0.254,803,no_adversary
5.090670635425014,True,0.0805,0.852,55.8646640631455,1.0,0.09250642359256744,0,38,10,0.8779312014579773,0.8542250990867615,1.0,1.0,fold0-no_adversary-seed804-da54c137357fde78,0.28600000000000003,804,no_adversary
5.284918240635696,True,0.0795,0.8560000000000001,57.09381854729592,1.0,0.09517647325992584,0,38,10,0.8780015468597412,0.8540775179862976,1.0,1.0,fold0-no_adversary-seed805-a0209d68a1a9bc52,0.308,805,no_adversary
5.263811021849038,True,0.0995,0.858,57.599644046786054,1.0,0.08671342581510544,1,38,10,0.8773410439491272,0.8415924310684204,1.0,1.0,fold1-no_adversary-seed801-4c05458d629d88a8,0.3,801,no_adversary
4.769401435679696,True,0.08700000000000001,0.8480000000000001,58.35772493810323,1.0,0.08579753339290619,1,38,10,0.8755840599536896,0.8382535576820374,1.0,1.0,fold1-no_adversary-seed802-8fdc6cb77ab40c44,0.27,802,no_adversary
5.175998974761989,True,0.101,0.8480000000000001,58.99311319104991,1.0,0.08717474341392517,1,38,10,0.872433066368103,0.8344821929931641,1.0,1.0,fold1-no_adversary-seed803-106c2ecba2a70a5a,0.29799999999999993,803,no_adversary
4.730464990147694,True,0.0775,0.874,58.18520179635771,1.0,0.08288154751062393,1,38,10,0.875917786359787,0.8399566411972046,1.0,1.0,fold1-no_adversary-seed804-031b9cfadaa94514,0.294,804,no_adversary
5.24183570553157,True,0.09,0.8620000000000001,58.350323390477264,1.0,0.08784014731645584,1,38,10,0.8765328824520111,0.8409578204154968,1.0,1.0,fold1-no_adversary-seed805-a0fde1f46523ac3e,0.26,805,no_adversary
5.143327276413386,True,0.089,0.858,57.759137767194765,1.0,0.08755778521299362,2,38,10,0.873494166135788,0.8438168168067932,1.0,1.0,fold2-no_adversary-seed801-c7bac1ca26856b87,0.296,801,no_adversary
4.321538030033141,True,0.0765,0.844,57.36969493041508,1.0,0.08973627537488937,2,38,10,0.876110416650772,0.8433082103729248,1.0,1.0,fold2-no_adversary-seed802-499946c0df4827db,0.314,802,no_adversary
4.758480607608117,True,0.08,0.8460000000000001,59.022826065753776,1.0,0.09003923833370209,2,38,10,0.8729222536087036,0.839616060256958,1.0,1.0,fold2-no_adversary-seed803-fa4da8f8fe1b195a,0.278,803,no_adversary
4.900731873081859,True,0.07999999999999999,0.8400000000000001,57.647371644693074,1.0,0.0884907990694046,2,38,10,0.8742413938045501,0.842039942741394,0.9995,0.995,fold2-no_adversary-seed804-7607fe1107786a6c,0.262,804,no_adversary
4.723278841274056,True,0.066,0.852,57.260265994382216,1.0,0.08658228069543839,2,38,10,0.8750154197216033,0.8431490063667297,1.0,1.0,fold2-no_adversary-seed805-e11da2db69fcc62a,0.28600000000000003,805,no_adversary
4.896330055292382,True,0.08444444444444446,0.9111111111111112,49.81928731403107,1.0,0.08898302167654037,3,39,9,0.8861292123794555,0.8588332533836365,1.0,1.0,fold3-no_adversary-seed801-58f2c74c8a8759d3,0.3,801,no_adversary
4.05175215278086,True,0.057222222222222216,0.8955555555555555,49.53881246608447,1.0,0.08580324053764343,3,39,9,0.888645613193512,0.8619025945663452,1.0,1.0,fold3-no_adversary-seed802-59bdfd63f508ab86,0.32,802,no_adversary
4.6572397399679,True,0.08666666666666666,0.9088888888888889,49.61062794424023,1.0,0.08924298733472824,3,39,9,0.8855507731437683,0.8597315549850464,1.0,1.0,fold3-no_adversary-seed803-2933da8aad59bbc4,0.33555555555555555,803,no_adversary
4.52777559220718,True,0.07222222222222223,0.8933333333333333,49.01143332843244,1.0,0.08711718767881393,3,39,9,0.8896278142929077,0.8634586930274963,1.0,1.0,fold3-no_adversary-seed804-21bc92ae9bdbdda1,0.3311111111111111,804,no_adversary
4.8182800139397814,True,0.07611111111111112,0.8933333333333333,49.81786199317735,1.0,0.08733287453651428,3,39,9,0.8888249695301056,0.8608103394508362,1.0,1.0,fold3-no_adversary-seed805-f349b1d8d23c6a4d,0.32666666666666666,805,no_adversary
4.963373200648211,True,0.08833333333333335,0.8333333333333334,49.152009289311906,1.0,0.09283565729856491,4,39,9,0.8865293741226197,0.861939549446106,1.0,1.0,fold4-no_adversary-seed801-0bd5f7e48c7f7996,0.3355555555555555,801,no_adversary
4.138613397532927,True,0.06666666666666668,0.8333333333333334,49.76610298283881,1.0,0.09200627356767654,4,39,9,0.884555870294571,0.8607597351074219,0.9994444444444444,0.9944444444444445,fold4-no_adversary-seed802-c630733f9e28c541,0.3155555555555555,802,no_adversary
4.754151018593951,True,0.08944444444444445,0.8377777777777778,50.32342231500287,1.0,0.0919032171368599,4,39,9,0.8846621036529541,0.8600993752479553,1.0,1.0,fold4-no_adversary-seed803-7c76e28f445c155e,0.31333333333333335,803,no_adversary
4.156853568201681,True,0.07277777777777779,0.8222222222222222,49.057237474277045,1.0,0.09786749631166458,4,39,9,0.8849166333675385,0.8614793419837952,0.9988888888888889,0.9944444444444445,fold4-no_adversary-seed804-02d712e1ee52f379,0.3,804,no_adversary
4.824139991081854,True,0.09055555555555557,0.8377777777777778,49.58611436074553,1.0,0.09562209993600845,4,39,9,0.8864452481269837,0.8619433641433716,1.0,1.0,fold4-no_adversary-seed805-41a9e60d5b3ddd65,0.3044444444444444,805,no_adversary
6.9372487684108854,True,0.1705,0.842,57.30446062559547,1.0,0.10877101868391037,0,38,10,0.8751605808734894,0.8527177572250366,1.0,1.0,fold0-no_cross_covariance-seed801-e4a49e1e3581ce94,0.372,801,no_cross_covariance
6.073672353902821,True,0.15450000000000003,0.8320000000000001,57.301946790289165,1.0,0.10792303085327148,0,38,10,0.8734354019165039,0.8496580719947815,1.0,1.0,fold0-no_cross_covariance-seed802-04856c93d781778d,0.34199999999999997,802,no_cross_covariance
6.647965260770474,True,0.16649999999999998,0.8460000000000001,57.825744438854336,1.0,0.10885082185268402,0,38,10,0.8730031192302704,0.8474652767181396,1.0,1.0,fold0-no_cross_covariance-seed803-51598000a0fc85e6,0.374,803,no_cross_covariance
6.554508799507197,True,0.156,0.8460000000000001,56.894747284020376,1.0,0.10761856287717819,0,38,10,0.8744383454322815,0.8478742837905884,1.0,1.0,fold0-no_cross_covariance-seed804-58a19b3bae1be439,0.374,804,no_cross_covariance
6.9312284541187426,True,0.16999999999999998,0.8460000000000001,57.715858432762495,1.0,0.10831223428249359,0,38,10,0.8737257361412049,0.8470813035964966,1.0,1.0,fold0-no_cross_covariance-seed805-159df55ddc36f11e,0.378,805,no_cross_covariance
7.046698665214421,True,0.19349999999999998,0.8539999999999999,58.33410448478679,1.0,0.09902461618185043,1,38,10,0.8743992388248444,0.8373793959617615,1.0,1.0,fold1-no_cross_covariance-seed801-e7c9c5dabf49525e,0.376,801,no_cross_covariance
6.429823780941418,True,0.1705,0.8400000000000001,57.992168732908276,1.0,0.10346294194459915,1,38,10,0.8757395505905151,0.8386282324790955,1.0,1.0,fold1-no_cross_covariance-seed802-ad57331268ca15f1,0.364,802,no_cross_covariance
6.99417081663152,True,0.181,0.85,59.20915322184466,1.0,0.10359631478786469,1,38,10,0.8709256172180175,0.8330201506614685,1.0,1.0,fold1-no_cross_covariance-seed803-9a1a8b193377103d,0.354,803,no_cross_covariance
6.661505407538395,True,0.1675,0.882,58.69109644368646,1.0,0.09628962725400925,1,38,10,0.8737457156181335,0.8378750085830688,1.0,1.0,fold1-no_cross_covariance-seed804-fb7e08e5cec28f44,0.386,804,no_cross_covariance
6.818038069097067,True,0.16350000000000003,0.85,58.8407887385593,1.0,0.1024232879281044,1,38,10,0.8746208906173706,0.8383175134658813,0.9995,0.995,fold1-no_cross_covariance-seed805-0c1edc0c6b0c3495,0.394,805,no_cross_covariance
6.738824825264185,True,0.1585,0.85,58.02450389192076,1.0,0.09981096535921097,2,38,10,0.8719901800155639,0.8405200839042664,1.0,1.0,fold2-no_cross_covariance-seed801-0d2d22fe91b0ad4c,0.356,801,no_cross_covariance
5.719473156443914,True,0.1285,0.8380000000000001,57.28495397056251,1.0,0.10385851562023163,2,38,10,0.8755395531654357,0.8442385196685791,1.0,1.0,fold2-no_cross_covariance-seed802-001def6bc7adf83d,0.378,802,no_cross_covariance
6.280479505711044,True,0.15100000000000002,0.852,58.4269720664496,1.0,0.10309410840272903,2,38,10,0.8731565654277802,0.8407331705093384,1.0,1.0,fold2-no_cross_covariance-seed803-0d701ed22db96cda,0.378,803,no_cross_covariance
6.363477281043561,True,0.14850000000000002,0.834,57.60129200939508,1.0,0.1014210432767868,2,38,10,0.872620964050293,0.8416066765785217,1.0,1.0,fold2-no_cross_covariance-seed804-abbf2e97e6509cfa,0.384,804,no_cross_covariance
5.794206088762568,True,0.1125,0.8460000000000001,58.295369845674095,1.0,0.0973387211561203,2,38,10,0.8740451574325562,0.8439282178878784,1.0,1.0,fold2-no_cross_covariance-seed805-d2399a2564e12b0b,0.346,805,no_cross_covariance
6.610176549792945,True,0.18055555555555555,0.9088888888888891,50.05902266814304,1.0,0.10574185103178024,3,39,9,0.8824153482913971,0.8559321165084839,0.9994444444444444,0.9944444444444445,fold3-no_cross_covariance-seed801-b8302fae70e48fab,0.4666666666666667,801,no_cross_covariance
5.444183398483203,True,0.12,0.8933333333333333,49.80077319672482,1.0,0.10409047454595566,3,39,9,0.8865119814872742,0.8581121563911438,1.0,1.0,fold3-no_cross_covariance-seed802-892c9c1371aab2b2,0.4222222222222222,802,no_cross_covariance
6.240894930637882,True,0.16111111111111112,0.9133333333333334,50.26409102210288,1.0,0.10731639713048935,3,39,9,0.8844632983207703,0.8592457175254822,1.0,1.0,fold3-no_cross_covariance-seed803-3ebbc85e25a98533,0.44666666666666666,803,no_cross_covariance
6.094123861612473,True,0.14611111111111114,0.8955555555555555,49.49598078203128,1.0,0.10687300562858582,3,39,9,0.8863925218582154,0.8612098693847656,1.0,1.0,fold3-no_cross_covariance-seed804-87e764ebb4dd039b,0.44222222222222224,804,no_cross_covariance
5.6752669470825685,True,0.11611111111111112,0.9044444444444444,50.26278479472124,1.0,0.10162719339132309,3,39,9,0.8858996212482453,0.856568455696106,1.0,1.0,fold3-no_cross_covariance-seed805-4d138245170954e5,0.4644444444444445,805,no_cross_covariance
6.536739836476259,True,0.16555555555555554,0.8377777777777778,49.52134711611175,1.0,0.11203383654356003,4,39,9,0.8847782254219055,0.8590605854988098,1.0,1.0,fold4-no_cross_covariance-seed801-216b247e13174294,0.47555555555555556,801,no_cross_covariance
5.504881202475868,True,0.13666666666666666,0.8422222222222222,50.08744797305576,1.0,0.11352536827325821,4,39,9,0.8808789908885956,0.8550718426704407,0.9994444444444444,0.9944444444444445,fold4-no_cross_covariance-seed802-d69c8848fca54f52,0.4222222222222222,802,no_cross_covariance
6.2570398971716985,True,0.17333333333333334,0.8466666666666667,49.72830306933323,1.0,0.11246360838413239,4,39,9,0.8842293858528137,0.8589620590209961,1.0,1.0,fold4-no_cross_covariance-seed803-6febb1e51d4ca681,0.45555555555555555,803,no_cross_covariance
5.987895209929714,True,0.15666666666666668,0.8355555555555556,48.85583484822209,1.0,0.1097194254398346,4,39,9,0.8841839373111725,0.8594370484352112,0.9994444444444444,0.9944444444444445,fold4-no_cross_covariance-seed804-883d392e8c92c6f1,0.4311111111111111,804,no_cross_covariance
6.375664995041385,True,0.16277777777777777,0.8466666666666667,50.14284066404982,1.0,0.11012227088212967,4,39,9,0.8852613210678101,0.8625079393386841,1.0,1.0,fold4-no_cross_covariance-seed805-505d5e948054e583,0.41111111111111115,805,no_cross_covariance
6.651014704434398,True,0.133,0.8400000000000001,56.844091886242204,1.0,0.1161363497376442,0,38,10,0.863064980506897,0.8377958536148071,1.0,1.0,fold0-no_scanner_dependence-seed801-df7fa3ef52544895,0.6779999999999999,801,no_scanner_dependence
5.746369000811329,True,0.11699999999999999,0.8459999999999999,56.41098009966991,1.0,0.11895326524972916,0,38,10,0.8604526579380035,0.8335086703300476,1.0,1.0,fold0-no_scanner_dependence-seed802-c68856fe7154350a,0.7060000000000001,802,no_scanner_dependence
6.390520506650278,True,0.12099999999999997,0.836,56.932361240155196,1.0,0.12179767340421677,0,38,10,0.8615221381187439,0.8328618407249451,1.0,1.0,fold0-no_scanner_dependence-seed803-d1854fc69b9459f5,0.662,803,no_scanner_dependence
6.613491685476503,True,0.1255,0.842,56.61513433162383,1.0,0.11842742562294006,0,38,10,0.8604048073291779,0.8290031552314758,1.0,1.0,fold0-no_scanner_dependence-seed804-a747f2e1befeca0e,0.71,804,no_scanner_dependence
6.864106584316995,True,0.1405,0.852,56.188134062208725,1.0,0.11795558035373688,0,38,10,0.8629759013652801,0.8373931050300598,1.0,1.0,fold0-no_scanner_dependence-seed805-174b93c15cb61d55,0.724,805,no_scanner_dependence
6.288057087846261,True,0.12549999999999997,0.8480000000000001,58.34381303073838,1.0,0.10965835303068161,1,38,10,0.8618627548217773,0.8247783184051514,1.0,1.0,fold1-no_scanner_dependence-seed801-ae62823ce3685dae,0.738,801,no_scanner_dependence
6.051186357331943,True,0.129,0.8460000000000001,58.434578382831916,1.0,0.1096082478761673,1,38,10,0.8617152750492096,0.8199160695075989,1.0,1.0,fold1-no_scanner_dependence-seed802-0fe941dfad682d61,0.6900000000000001,802,no_scanner_dependence
6.73401298754678,True,0.154,0.86,58.85857986650979,1.0,0.11404265463352203,1,38,10,0.8570419371128082,0.8161514401435852,1.0,1.0,fold1-no_scanner_dependence-seed803-4f4045983e43dc7f,0.726,803,no_scanner_dependence
6.230555589144144,True,0.13,0.882,59.254682514381486,1.0,0.10710684210062027,1,38,10,0.8584980666637421,0.8160150647163391,1.0,1.0,fold1-no_scanner_dependence-seed804-acccd5f6712cf531,0.7140000000000001,804,no_scanner_dependence
6.88983922680876,True,0.15250000000000002,0.8460000000000001,58.54630735759839,1.0,0.11392056196928024,1,38,10,0.8604158222675323,0.8206836581230164,1.0,1.0,fold1-no_scanner_dependence-seed805-acf706e132e10069,0.716,805,no_scanner_dependence
6.546166080935648,True,0.13,0.8480000000000001,58.341003228101314,1.0,0.11165729910135269,2,38,10,0.8585766553878784,0.830249011516571,1.0,1.0,fold2-no_scanner_dependence-seed801-19f973d22ad64c11,0.69,801,no_scanner_dependence
5.323683195736544,True,0.10350000000000001,0.8480000000000001,58.1578517881749,1.0,0.11429079622030258,2,38,10,0.858852207660675,0.8260568976402283,1.0,1.0,fold2-no_scanner_dependence-seed802-1326346bec411df4,0.7340000000000001,802,no_scanner_dependence
5.603050523899963,True,0.0995,0.8420000000000002,58.3772628544453,1.0,0.11326992511749268,2,38,10,0.859164708852768,0.8280881643295288,1.0,1.0,fold2-no_scanner_dependence-seed803-756f48430fd2b5ca,0.706,803,no_scanner_dependence
5.751412278969728,True,0.0985,0.834,58.64365121292117,1.0,0.10922959446907043,2,38,10,0.8563911497592926,0.8199833035469055,1.0,1.0,fold2-no_scanner_dependence-seed804-2c843edee64c7827,0.6759999999999999,804,no_scanner_dependence
5.800288333638673,True,0.0965,0.8460000000000001,57.73809973836368,1.0,0.11178269237279892,2,38,10,0.8570675611495971,0.8247315883636475,1.0,1.0,fold2-no_scanner_dependence-seed805-d09a0f5085969fa4,0.6699999999999999,805,no_scanner_dependence
6.187838423781887,True,0.12444444444444444,0.9066666666666666,51.42577634595474,1.0,0.1140836775302887,3,39,9,0.8649490892887115,0.8279616236686707,1.0,1.0,fold3-no_scanner_dependence-seed801-da4e61456e7f9d19,0.7377777777777779,801,no_scanner_dependence
4.867375773954958,True,0.07611111111111112,0.9,50.91505292559344,1.0,0.1126566231250763,3,39,9,0.8698059380054474,0.8286446332931519,1.0,1.0,fold3-no_scanner_dependence-seed802-8943c678795388b5,0.7333333333333334,802,no_scanner_dependence
5.700486212893217,True,0.12222222222222223,0.9111111111111112,51.093359962328776,1.0,0.11430522799491882,3,39,9,0.8662685811519623,0.8321549296379089,1.0,1.0,fold3-no_scanner_dependence-seed803-06d7508c1e3aaff3,0.7488888888888889,803,no_scanner_dependence
5.7560235617365505,True,0.10333333333333332,0.8955555555555555,50.143127584506466,1.0,0.11288119852542877,3,39,9,0.8710462808609009,0.8360785841941833,0.9994444444444444,0.9944444444444445,fold3-no_scanner_dependence-seed804-22ec222bfbafda7c,0.7666666666666666,804,no_scanner_dependence
5.435511920748035,True,0.08666666666666667,0.9022222222222224,50.615869127991814,1.0,0.11018779128789902,3,39,9,0.868247127532959,0.8319796919822693,1.0,1.0,fold3-no_scanner_dependence-seed805-510b4cf305258514,0.731111111111111,805,no_scanner_dependence
6.187724089425728,True,0.1233333333333333,0.8377777777777778,51.397559588969486,1.0,0.12126284092664719,4,39,9,0.8655922114849091,0.8375173807144165,1.0,1.0,fold4-no_scanner_dependence-seed801-06ea1e99e85d426e,0.7022222222222222,801,no_scanner_dependence
5.057682525914501,True,0.09888888888888889,0.8400000000000001,51.29603646205665,1.0,0.1122673973441124,4,39,9,0.8675476431846618,0.8372360467910767,1.0,1.0,fold4-no_scanner_dependence-seed802-bb691d83920de525,0.7155555555555556,802,no_scanner_dependence
5.73595175659766,True,0.11277777777777778,0.8333333333333334,51.93886125335182,1.0,0.11605267226696014,4,39,9,0.8625287234783172,0.8309273719787598,1.0,1.0,fold4-no_scanner_dependence-seed803-d812c81b7f1b64aa,0.7644444444444446,803,no_scanner_dependence
5.787711407619715,True,0.12055555555555555,0.8400000000000001,49.86699968916592,1.0,0.11774858087301254,4,39,9,0.8684150755405426,0.8336147665977478,0.9988888888888889,0.9944444444444445,fold4-no_scanner_dependence-seed804-47d3d832770751bc,0.6933333333333334,804,no_scanner_dependence
5.319467732681106,True,0.09444444444444444,0.8511111111111112,50.884277486562276,1.0,0.1183963418006897,4,39,9,0.866776031255722,0.8344138860702515,1.0,1.0,fold4-no_scanner_dependence-seed805-515986d148d60792,0.7066666666666667,805,no_scanner_dependence
,False,,,58.979077936787206,1.0,,0,38,10,0.848162043094635,0.8251907229423523,1.0,1.0,fold0-paired_reference-seed801-0df3cd4a26a0a548,0.75,801,paired_reference
,False,,,59.08612832139359,1.0,,0,38,10,0.8482091009616852,0.8240247368812561,1.0,1.0,fold0-paired_reference-seed802-445b74b2b6ea0fab,0.7660000000000001,802,paired_reference
,False,,,58.78635437507843,1.0,,0,38,10,0.8470154047012329,0.8230533599853516,1.0,1.0,fold0-paired_reference-seed803-7591c26ec85e4d59,0.782,803,paired_reference
,False,,,58.90855847885407,1.0,,0,38,10,0.8465435564517975,0.8211567401885986,1.0,1.0,fold0-paired_reference-seed804-fde6e4f355131e72,0.782,804,paired_reference
,False,,,58.45503397560613,1.0,,0,38,10,0.8493470549583435,0.825544536113739,1.0,1.0,fold0-paired_reference-seed805-529cd513c421c994,0.77,805,paired_reference
,False,,,60.3983438691951,1.0,,1,38,10,0.8497572004795074,0.8175408244132996,1.0,1.0,fold1-paired_reference-seed801-f4dfd29218910e21,0.7639999999999999,801,paired_reference
,False,,,60.67065675490598,1.0,,1,38,10,0.8502179145812988,0.8142650127410889,1.0,1.0,fold1-paired_reference-seed802-5e29534f5e0f1c84,0.748,802,paired_reference
,False,,,60.423866214867296,1.0,,1,38,10,0.8455068469047546,0.8086397051811218,1.0,1.0,fold1-paired_reference-seed803-b66e437d5e0e41d7,0.792,803,paired_reference
,False,,,59.46875961028219,1.0,,1,38,10,0.8506560504436493,0.8169375658035278,1.0,1.0,fold1-paired_reference-seed804-68535c0d89549d38,0.762,804,paired_reference
,False,,,60.10813277163637,1.0,,1,38,10,0.8505288124084472,0.81459641456604,1.0,1.0,fold1-paired_reference-seed805-ffdaa0768f7ce4b8,0.776,805,paired_reference
,False,,,59.41935404259603,1.0,,2,38,10,0.8453147232532501,0.8210670351982117,1.0,1.0,fold2-paired_reference-seed801-4587dcfb106abe86,0.7939999999999999,801,paired_reference
,False,,,59.706552785458356,1.0,,2,38,10,0.8467570543289185,0.8190852403640747,1.0,1.0,fold2-paired_reference-seed802-9867255d89a5a663,0.79,802,paired_reference
,False,,,60.03926930276084,1.0,,2,38,10,0.843341875076294,0.8166897296905518,1.0,1.0,fold2-paired_reference-seed803-10fff95994d4e8d6,0.76,803,paired_reference
,False,,,59.53509504599908,1.0,,2,38,10,0.8455590307712555,0.8171528577804565,1.0,1.0,fold2-paired_reference-seed804-630a5cc8ae484c97,0.786,804,paired_reference
,False,,,59.301123396861406,1.0,,2,38,10,0.8432932198047638,0.8168913125991821,1.0,1.0,fold2-paired_reference-seed805-8729febe9bd5bd5a,0.756,805,paired_reference
,False,,,53.21910497987161,1.0,,3,39,9,0.8473185718059539,0.8179255723953247,1.0,1.0,fold3-paired_reference-seed801-90951669e855c1d6,0.8088888888888889,801,paired_reference
,False,,,52.9837112496385,1.0,,3,39,9,0.8486373364925385,0.8193145990371704,1.0,1.0,fold3-paired_reference-seed802-a8936cf3d59a2ab0,0.8155555555555557,802,paired_reference
,False,,,52.93306730890097,1.0,,3,39,9,0.8493425905704498,0.8243954181671143,0.9994444444444444,0.9944444444444445,fold3-paired_reference-seed803-290283f6842cf987,0.7933333333333333,803,paired_reference
,False,,,52.811422111893286,1.0,,3,39,9,0.8493893861770629,0.8214625120162964,0.9994444444444444,0.9944444444444445,fold3-paired_reference-seed804-cf393fa022b18028,0.8133333333333335,804,paired_reference
,False,,,52.473464205548574,1.0,,3,39,9,0.8509521722793579,0.8250992894172668,0.9994444444444444,0.9944444444444445,fold3-paired_reference-seed805-951a79460efa4366,0.8377777777777778,805,paired_reference
,False,,,52.878689461792014,1.0,,4,39,9,0.8504764974117279,0.8262606859207153,0.9994444444444444,0.9944444444444445,fold4-paired_reference-seed801-4461c12c5fc6d887,0.788888888888889,801,paired_reference
,False,,,53.740189989894404,1.0,,4,39,9,0.8490889549255372,0.8206809163093567,0.9994444444444444,0.9944444444444445,fold4-paired_reference-seed802-45b2d79c737667e3,0.7444444444444445,802,paired_reference
,False,,,54.366545743143334,1.0,,4,39,9,0.8466922640800476,0.8211321234703064,1.0,1.0,fold4-paired_reference-seed803-f318652b8d1d24b6,0.7666666666666666,803,paired_reference
,False,,,52.6666581206279,1.0,,4,39,9,0.8517430245876312,0.824903130531311,0.9994444444444444,0.9944444444444445,fold4-paired_reference-seed804-7a1232c48fb27bc0,0.78,804,paired_reference
,False,,,53.227974926909624,1.0,,4,39,9,0.8462328970432281,0.81983882188797,1.0,1.0,fold4-paired_reference-seed805-b4584d212a42ea5b,0.7777777777777778,805,paired_reference
5.761214729929395,True,0.10600000000000001,0.836,57.04709328973786,1.0,0.0970814973115921,0,38,10,0.8764665484428406,0.8536889553070068,1.0,1.0,fold0-pathoalign_dep20-seed801-1ceda8f5a7100fc2,0.36,801,pathoalign_dep20
4.967249035059456,True,0.096,0.8460000000000001,56.91181431748068,1.0,0.09684227406978607,0,38,10,0.8745119750499726,0.8516015410423279,1.0,1.0,fold0-pathoalign_dep20-seed802-3bb821dc3eb31139,0.36,802,pathoalign_dep20
5.467622924039768,True,0.10100000000000002,0.85,57.319081309886094,1.0,0.09733516722917557,0,38,10,0.874863350391388,0.850142240524292,1.0,1.0,fold0-pathoalign_dep20-seed803-a297742f2bcf32b1,0.358,803,pathoalign_dep20
5.539868072860379,True,0.10300000000000001,0.852,56.67974608236249,1.0,0.09584295749664307,0,38,10,0.8753278076648712,0.849504292011261,1.0,1.0,fold0-pathoalign_dep20-seed804-a43abd823cb52b25,0.396,804,pathoalign_dep20
5.821729572167296,True,0.1,0.8539999999999999,57.13003855539614,1.0,0.09596836566925049,0,38,10,0.8760779976844788,0.8510124683380127,1.0,1.0,fold0-pathoalign_dep20-seed805-92d6ec49d1237cd4,0.382,805,pathoalign_dep20
5.853169273174653,True,0.12150000000000001,0.85,58.34840359349518,1.0,0.08763732016086578,1,38,10,0.8756097018718719,0.8390113711357117,1.0,1.0,fold1-pathoalign_dep20-seed801-27f4e444145758cc,0.382,801,pathoalign_dep20
5.330007889341352,True,0.11700000000000002,0.8460000000000001,57.767345777877466,1.0,0.09102281928062439,1,38,10,0.876953798532486,0.8400876522064209,1.0,1.0,fold1-pathoalign_dep20-seed802-05f04896be90dfd1,0.36,802,pathoalign_dep20
5.725448969636847,True,0.12250000000000001,0.858,59.111321659473674,1.0,0.09071850776672363,1,38,10,0.8712970197200776,0.8333508968353271,1.0,1.0,fold1-pathoalign_dep20-seed803-58b3c7d8f69b2e7e,0.362,803,pathoalign_dep20
5.6461348694430304,True,0.11400000000000002,0.8780000000000001,58.33051634809411,1.0,0.08602900058031082,1,38,10,0.8755815744400024,0.8400266170501709,1.0,1.0,fold1-pathoalign_dep20-seed804-21a14c66d0cf592c,0.40800000000000003,804,pathoalign_dep20
5.7913734348670145,True,0.11350000000000002,0.8480000000000001,58.81313057112499,1.0,0.09089227765798569,1,38,10,0.8754223167896271,0.8391054272651672,1.0,1.0,fold1-pathoalign_dep20-seed805-adeb32993e1162cc,0.368,805,pathoalign_dep20
5.615218811254519,True,0.10500000000000001,0.858,57.69125984330013,1.0,0.08970528841018677,2,38,10,0.8735554039478302,0.8420549035072327,1.0,1.0,fold2-pathoalign_dep20-seed801-7dea92ea551ddfab,0.37,801,pathoalign_dep20
4.681217566790002,True,0.08449999999999999,0.842,57.063308089324195,1.0,0.09366289526224136,2,38,10,0.8763660252094269,0.844875693321228,1.0,1.0,fold2-pathoalign_dep20-seed802-02cc7e90c3f74285,0.366,802,pathoalign_dep20
5.208044347264239,True,0.1,0.8440000000000001,58.109701551900635,1.0,0.09130383282899857,2,38,10,0.8743617355823516,0.8418944478034973,1.0,1.0,fold2-pathoalign_dep20-seed803-11e006b8c92b478e,0.374,803,pathoalign_dep20
5.279358167255907,True,0.0945,0.842,57.33335032066885,1.0,0.09065499156713486,2,38,10,0.8737117111682892,0.8431594967842102,1.0,1.0,fold2-pathoalign_dep20-seed804-37f842f5f91a24a9,0.374,804,pathoalign_dep20
5.301914868968618,True,0.094,0.8480000000000001,58.22761140011915,1.0,0.09134803712368011,2,38,10,0.8742701888084412,0.8439606428146362,1.0,1.0,fold2-pathoalign_dep20-seed805-c847c1b984ed8abb,0.36200000000000004,805,pathoalign_dep20
5.363920420152757,True,0.10222222222222221,0.9155555555555555,49.76796584838273,1.0,0.09066826105117798,3,39,9,0.8839101791381836,0.8573489785194397,1.0,1.0,fold3-pathoalign_dep20-seed801-7c9ffbf17c94d36f,0.47111111111111104,801,pathoalign_dep20
4.521768352620478,True,0.07166666666666667,0.888888888888889,49.525420632820854,1.0,0.090561643242836,3,39,9,0.887864863872528,0.8604310750961304,1.0,1.0,fold3-pathoalign_dep20-seed802-0d826a14158b802c,0.42666666666666664,802,pathoalign_dep20
4.991422658869729,True,0.09777777777777777,0.9088888888888891,50.0433663955671,1.0,0.09162071347236633,3,39,9,0.8860096156597137,0.860948920249939,1.0,1.0,fold3-pathoalign_dep20-seed803-7ac9296a09782eeb,0.49111111111111116,803,pathoalign_dep20
4.892590044149634,True,0.08333333333333334,0.8955555555555555,49.13425858571344,1.0,0.09068061411380768,3,39,9,0.8873216509819031,0.861545979976654,1.0,1.0,fold3-pathoalign_dep20-seed804-341f43894202117e,0.41111111111111115,804,pathoalign_dep20
4.910883137307214,True,0.08222222222222222,0.8911111111111112,49.99779777895347,1.0,0.08835738897323608,3,39,9,0.887421053647995,0.8580377101898193,1.0,1.0,fold3-pathoalign_dep20-seed805-2b019e59ff17579d,0.45111111111111113,805,pathoalign_dep20
5.4019677567474895,True,0.10944444444444443,0.8288888888888888,49.04445524037956,1.0,0.09776005148887634,4,39,9,0.886123514175415,0.8604061603546143,1.0,1.0,fold4-pathoalign_dep20-seed801-d00f0fff0e270121,0.4488888888888889,801,pathoalign_dep20
4.488880082165645,True,0.0861111111111111,0.8400000000000001,50.12515040778244,1.0,0.09513591974973679,4,39,9,0.8819737493991852,0.8560716509819031,0.9994444444444444,0.9944444444444445,fold4-pathoalign_dep20-seed802-9e46641cfac5dc8c,0.4022222222222222,802,pathoalign_dep20
5.181579289211628,True,0.10611111111111111,0.8355555555555556,49.70729840643871,1.0,0.09452389180660248,4,39,9,0.8852400243282318,0.8594733476638794,1.0,1.0,fold4-pathoalign_dep20-seed803-363ee1fe43090055,0.47111111111111104,803,pathoalign_dep20
4.271361670038658,True,0.09277777777777778,0.8266666666666665,48.49765774839312,1.0,0.10775206238031387,4,39,9,0.8850009977817536,0.8607744574546814,0.9994444444444444,0.9944444444444445,fold4-pathoalign_dep20-seed804-19cc2a4f69508554,0.42444444444444446,804,pathoalign_dep20
5.274225180154576,True,0.10055555555555555,0.8400000000000001,49.831142812439985,1.0,0.0961325541138649,4,39,9,0.8863376438617706,0.8631035685539246,1.0,1.0,fold4-pathoalign_dep20-seed805-d0c12ca42f2c2ff3,0.37333333333333335,805,pathoalign_dep20
17.466500780214993,True,0.9835,0.706,60.67025173592813,1.0,0.15741969645023346,0,38,10,0.841713809967041,0.8206299543380737,1.0,1.0,fold0-two_branch_no_scanner_objectives-seed801-436f934219638848,0.682,801,two_branch_no_scanner_objectives
17.185715435037874,True,0.9844999999999999,0.732,61.00583671552885,1.0,0.15645138919353485,0,38,10,0.8413416683673859,0.8195242881774902,1.0,1.0,fold0-two_branch_no_scanner_objectives-seed802-9809a268b99ce69e,0.73,802,two_branch_no_scanner_objectives
17.561521996017603,True,0.9814999999999999,0.706,61.06692687718401,1.0,0.15658311545848846,0,38,10,0.8407396495342254,0.8182702660560608,1.0,1.0,fold0-two_branch_no_scanner_objectives-seed803-025a4ad5b7d2809e,0.714,803,two_branch_no_scanner_objectives
17.88499609530156,True,0.984,0.742,60.64011434034332,1.0,0.1558007001876831,0,38,10,0.8405287742614747,0.8160421252250671,1.0,1.0,fold0-two_branch_no_scanner_objectives-seed804-35f6108e2ae4ae3b,0.7040000000000001,804,two_branch_no_scanner_objectives
17.907558957465145,True,0.9795,0.724,61.10689118888103,1.0,0.15636670589447021,0,38,10,0.8433314681053161,0.8219846487045288,1.0,1.0,fold0-two_branch_no_scanner_objectives-seed805-40b92ef0cf7d7e2b,0.688,805,two_branch_no_scanner_objectives
18.624333793337126,True,0.991,0.7280000000000001,62.138509717706135,1.0,0.15240074694156647,1,38,10,0.8421847462654114,0.8083285689353943,1.0,1.0,fold1-two_branch_no_scanner_objectives-seed801-5072efe419b2e88c,0.716,801,two_branch_no_scanner_objectives
17.444314795033996,True,0.986,0.726,63.0676797332259,1.0,0.15415742993354797,1,38,10,0.8406737327575684,0.8032757043838501,1.0,1.0,fold1-two_branch_no_scanner_objectives-seed802-7e02bac895c715c7,0.7259999999999999,802,two_branch_no_scanner_objectives
17.9367732973606,True,0.9879999999999999,0.74,63.93948248669802,1.0,0.1548209935426712,1,38,10,0.8379511594772339,0.80320143699646,1.0,1.0,fold1-two_branch_no_scanner_objectives-seed803-961041ff3486cb22,0.6880000000000001,803,two_branch_no_scanner_objectives
17.493197913553256,True,0.9864999999999998,0.7220000000000001,62.44284101571138,1.0,0.15013395249843597,1,38,10,0.8417609333992004,0.8077670931816101,1.0,1.0,fold1-two_branch_no_scanner_objectives-seed804-efbece1f1c4af4c8,0.6839999999999999,804,two_branch_no_scanner_objectives
17.854256949172537,True,0.9884999999999999,0.714,62.69799728623748,1.0,0.1539546698331833,1,38,10,0.8435299158096313,0.810038149356842,1.0,1.0,fold1-two_branch_no_scanner_objectives-seed805-0b7cb7decdeb4796,0.71,805,two_branch_no_scanner_objectives
18.027539112315623,True,0.9855,0.7460000000000001,61.65426781690386,1.0,0.14982016384601593,2,38,10,0.838877511024475,0.8133452534675598,1.0,1.0,fold2-two_branch_no_scanner_objectives-seed801-2d9503d653a69b84,0.6759999999999999,801,two_branch_no_scanner_objectives
18.118781510759366,True,0.9875,0.756,62.258716025835206,1.0,0.14932048320770264,2,38,10,0.8384816825389863,0.8124363422393799,1.0,1.0,fold2-two_branch_no_scanner_objectives-seed802-cfc17999c7c32b61,0.692,802,two_branch_no_scanner_objectives
18.44334952171575,True,0.986,0.75,62.99695761566754,1.0,0.15193696320056915,2,38,10,0.8382110357284546,0.810413122177124,1.0,1.0,fold2-two_branch_no_scanner_objectives-seed803-70a14a02785f6b03,0.6679999999999999,803,two_branch_no_scanner_objectives
18.20696491939914,True,0.9819999999999999,0.7420000000000001,62.38575854451522,1.0,0.14899605512619019,2,38,10,0.8402580082416534,0.8142917156219482,1.0,1.0,fold2-two_branch_no_scanner_objectives-seed804-f9385d1861627515,0.6439999999999999,804,two_branch_no_scanner_objectives
18.313317661253564,True,0.9814999999999999,0.7299999999999999,61.68032087456379,1.0,0.150491863489151,2,38,10,0.8413065493106842,0.8157215714454651,1.0,1.0,fold2-two_branch_no_scanner_objectives-seed805-edd31f25d2214fec,0.702,805,two_branch_no_scanner_objectives
17.080229403957564,True,0.9788888888888889,0.7733333333333332,54.58975457607506,1.0,0.16512556374073029,3,39,9,0.8438356280326843,0.8188979029655457,0.9983333333333334,0.9944444444444445,fold3-two_branch_no_scanner_objectives-seed801-39cb95c1184e8545,0.74,801,two_branch_no_scanner_objectives
16.71744826101421,True,0.9783333333333335,0.7688888888888888,54.01669138093188,1.0,0.1667422354221344,3,39,9,0.8490717053413391,0.8249565958976746,1.0,1.0,fold3-two_branch_no_scanner_objectives-seed802-0bde4aa37011674d,0.76,802,two_branch_no_scanner_objectives
16.63013405771895,True,0.9766666666666668,0.82,54.62314880410905,1.0,0.1621023565530777,3,39,9,0.8435241043567657,0.8205666542053223,1.0,1.0,fold3-two_branch_no_scanner_objectives-seed803-1ab218dca527ac4d,0.7555555555555556,803,two_branch_no_scanner_objectives
16.72058135427601,True,0.9805555555555554,0.7733333333333333,53.673567052426826,1.0,0.1663179248571396,3,39,9,0.8466811180114746,0.8233851790428162,1.0,1.0,fold3-two_branch_no_scanner_objectives-seed804-561e5c6e1080d97d,0.7711111111111111,804,two_branch_no_scanner_objectives
16.267291525729096,True,0.9783333333333333,0.7666666666666668,53.95526973113638,1.0,0.16721764206886292,3,39,9,0.8486449956893921,0.8244935870170593,1.0,1.0,fold3-two_branch_no_scanner_objectives-seed805-b8d923b2ab5de251,0.76,805,two_branch_no_scanner_objectives
15.257547386706243,True,0.9649999999999999,0.7177777777777777,53.84361066484339,1.0,0.17252255976200104,4,39,9,0.8479827880859375,0.8288853764533997,1.0,1.0,fold4-two_branch_no_scanner_objectives-seed801-a62d6b3d20bd4762,0.72,801,two_branch_no_scanner_objectives
15.489614445319488,True,0.9677777777777777,0.7044444444444444,54.1884034233704,1.0,0.16679401695728302,4,39,9,0.8455592215061187,0.8206560015678406,0.9994444444444444,0.9944444444444445,fold4-two_branch_no_scanner_objectives-seed802-12df39ded51f6876,0.7133333333333333,802,two_branch_no_scanner_objectives
14.825337346807252,True,0.9705555555555556,0.7555555555555555,55.06453280910824,1.0,0.1666187345981598,4,39,9,0.8442629456520081,0.8236392736434937,1.0,1.0,fold4-two_branch_no_scanner_objectives-seed803-46eb34f05a4b7be7,0.6777777777777778,803,two_branch_no_scanner_objectives
14.784462714578652,True,0.9705555555555554,0.7044444444444443,53.95682629017665,1.0,0.170417919754982,4,39,9,0.8455883383750915,0.8242211937904358,1.0,1.0,fold4-two_branch_no_scanner_objectives-seed804-9fd3b69c49e55906,0.72,804,two_branch_no_scanner_objectives
15.931832151280911,True,0.9655555555555555,0.7266666666666667,54.57187460395668,1.0,0.17017897963523865,4,39,9,0.8421062111854554,0.8175779581069946,1.0,1.0,fold4-two_branch_no_scanner_objectives-seed805-88b8fd237304f7f4,0.6622222222222222,805,two_branch_no_scanner_objectives
