noise_level,seed,strategy,grade,precision,recall,f1,support
0.0,7,adaptive_ordinal_harm,0,0.6454545454545455,0.7029702970297029,0.6729857819905213,101
0.0,7,adaptive_ordinal_harm,1,0.42574257425742573,0.42574257425742573,0.42574257425742573,101
0.0,7,adaptive_ordinal_harm,2,0.4367816091954023,0.3838383838383838,0.40860215053763443,99
0.0,7,adaptive_ordinal_harm,3,0.4536082474226804,0.43564356435643564,0.4444444444444444,101
0.0,7,adaptive_ordinal_harm,4,0.4772727272727273,0.42,0.44680851063829785,100
0.0,7,adaptive_ordinal_harm,5,0.576271186440678,0.6868686868686869,0.6267281105990783,99
0.0,7,adaptive_ordinal_harm,high_grade_4_5,0.7184466019417476,0.7437185929648241,0.7308641975308642,199
0.0,7,cross_site_blend_50,0,0.6370967741935484,0.7821782178217822,0.7022222222222222,101
0.0,7,cross_site_blend_50,1,0.5,0.37623762376237624,0.4293785310734463,101
0.0,7,cross_site_blend_50,2,0.40186915887850466,0.43434343434343436,0.4174757281553398,99
0.0,7,cross_site_blend_50,3,0.46464646464646464,0.45544554455445546,0.46,101
0.0,7,cross_site_blend_50,4,0.5263157894736842,0.4,0.45454545454545453,100
0.0,7,cross_site_blend_50,5,0.5798319327731093,0.696969696969697,0.6330275229357798,99
0.0,7,cross_site_blend_50,high_grade_4_5,0.7487179487179487,0.7336683417085427,0.7411167512690355,199
0.0,7,fedavg,0,0.6388888888888888,0.6831683168316832,0.6602870813397129,101
0.0,7,fedavg,1,0.44,0.43564356435643564,0.43781094527363185,101
0.0,7,fedavg,2,0.3627450980392157,0.37373737373737376,0.3681592039800995,99
0.0,7,fedavg,3,0.45918367346938777,0.44554455445544555,0.45226130653266333,101
0.0,7,fedavg,4,0.5454545454545454,0.36,0.43373493975903615,100
0.0,7,fedavg,5,0.5590551181102362,0.7171717171717171,0.6283185840707964,99
0.0,7,fedavg,high_grade_4_5,0.7564766839378239,0.7336683417085427,0.7448979591836735,199
0.0,7,ordinal_harm_blend_50,0,0.6416666666666667,0.7623762376237624,0.6968325791855203,101
0.0,7,ordinal_harm_blend_50,1,0.45161290322580644,0.4158415841584158,0.4329896907216495,101
0.0,7,ordinal_harm_blend_50,2,0.41304347826086957,0.3838383838383838,0.39790575916230364,99
0.0,7,ordinal_harm_blend_50,3,0.4536082474226804,0.43564356435643564,0.4444444444444444,101
0.0,7,ordinal_harm_blend_50,4,0.5060240963855421,0.42,0.45901639344262296,100
0.0,7,ordinal_harm_blend_50,5,0.5948275862068966,0.696969696969697,0.641860465116279,99
0.0,7,ordinal_harm_blend_50,high_grade_4_5,0.7336683417085427,0.7336683417085427,0.7336683417085427,199
0.0,42,adaptive_ordinal_harm,0,0.5620915032679739,0.8514851485148515,0.6771653543307087,101
0.0,42,adaptive_ordinal_harm,1,0.43209876543209874,0.35353535353535354,0.3888888888888889,99
0.0,42,adaptive_ordinal_harm,2,0.5,0.35353535353535354,0.41420118343195267,99
0.0,42,adaptive_ordinal_harm,3,0.43333333333333335,0.39,0.4105263157894737,100
0.0,42,adaptive_ordinal_harm,4,0.4752475247524752,0.4752475247524752,0.4752475247524752,101
0.0,42,adaptive_ordinal_harm,5,0.6132075471698113,0.6435643564356436,0.6280193236714976,101
0.0,42,adaptive_ordinal_harm,high_grade_4_5,0.6956521739130435,0.7128712871287128,0.7041564792176039,202
0.0,42,cross_site_blend_50,0,0.5533333333333333,0.8217821782178217,0.6613545816733067,101
0.0,42,cross_site_blend_50,1,0.375,0.18181818181818182,0.24489795918367346,99
0.0,42,cross_site_blend_50,2,0.45901639344262296,0.5656565656565656,0.5067873303167421,99
0.0,42,cross_site_blend_50,3,0.532258064516129,0.33,0.4074074074074074,100
0.0,42,cross_site_blend_50,4,0.5232558139534884,0.44554455445544555,0.48128342245989303,101
0.0,42,cross_site_blend_50,5,0.5639097744360902,0.7425742574257426,0.6410256410256411,101
0.0,42,cross_site_blend_50,high_grade_4_5,0.6986301369863014,0.7574257425742574,0.7268408551068883,202
0.0,42,fedavg,0,0.5939849624060151,0.7821782178217822,0.6752136752136753,101
0.0,42,fedavg,1,0.43820224719101125,0.3939393939393939,0.4148936170212766,99
0.0,42,fedavg,2,0.4567901234567901,0.37373737373737376,0.4111111111111111,99
0.0,42,fedavg,3,0.43820224719101125,0.39,0.4126984126984127,100
0.0,42,fedavg,4,0.5633802816901409,0.39603960396039606,0.46511627906976744,101
0.0,42,fedavg,5,0.5507246376811594,0.7524752475247525,0.6359832635983264,101
0.0,42,fedavg,high_grade_4_5,0.7129186602870813,0.7376237623762376,0.7250608272506083,202
0.0,42,ordinal_harm_blend_50,0,0.5483870967741935,0.8415841584158416,0.6640625,101
0.0,42,ordinal_harm_blend_50,1,0.4230769230769231,0.3333333333333333,0.3728813559322034,99
0.0,42,ordinal_harm_blend_50,2,0.5,0.40404040404040403,0.44692737430167595,99
0.0,42,ordinal_harm_blend_50,3,0.47560975609756095,0.39,0.42857142857142855,100
0.0,42,ordinal_harm_blend_50,4,0.5,0.46534653465346537,0.48205128205128206,101
0.0,42,ordinal_harm_blend_50,5,0.625,0.693069306930693,0.6572769953051644,101
0.0,42,ordinal_harm_blend_50,high_grade_4_5,0.7135922330097088,0.7277227722772277,0.7205882352941176,202
0.0,99,adaptive_ordinal_harm,0,0.4892086330935252,0.68,0.5690376569037657,100
0.0,99,adaptive_ordinal_harm,1,0.34146341463414637,0.28,0.3076923076923077,100
0.0,99,adaptive_ordinal_harm,2,0.42105263157894735,0.4,0.41025641025641024,100
0.0,99,adaptive_ordinal_harm,3,0.3333333333333333,0.32673267326732675,0.33,101
0.0,99,adaptive_ordinal_harm,4,0.3402061855670103,0.32673267326732675,0.3333333333333333,101
0.0,99,adaptive_ordinal_harm,5,0.5617977528089888,0.5050505050505051,0.5319148936170213,99
0.0,99,adaptive_ordinal_harm,high_grade_4_5,0.6505376344086021,0.605,0.6269430051813472,200
0.0,99,cross_site_blend_50,0,0.4857142857142857,0.68,0.5666666666666667,100
0.0,99,cross_site_blend_50,1,0.4235294117647059,0.36,0.3891891891891892,100
0.0,99,cross_site_blend_50,2,0.4166666666666667,0.35,0.3804347826086957,100
0.0,99,cross_site_blend_50,3,0.33980582524271846,0.3465346534653465,0.3431372549019608,101
0.0,99,cross_site_blend_50,4,0.33,0.32673267326732675,0.3283582089552239,101
0.0,99,cross_site_blend_50,5,0.5617977528089888,0.5050505050505051,0.5319148936170213,99
0.0,99,cross_site_blend_50,high_grade_4_5,0.6349206349206349,0.6,0.6169665809768637,200
0.0,99,fedavg,0,0.496551724137931,0.72,0.5877551020408164,100
0.0,99,fedavg,1,0.4177215189873418,0.33,0.3687150837988827,100
0.0,99,fedavg,2,0.45054945054945056,0.41,0.4293193717277487,100
0.0,99,fedavg,3,0.3333333333333333,0.31683168316831684,0.3248730964467005,101
0.0,99,fedavg,4,0.3372093023255814,0.2871287128712871,0.31016042780748665,101
0.0,99,fedavg,5,0.5288461538461539,0.5555555555555556,0.541871921182266,99
0.0,99,fedavg,high_grade_4_5,0.6526315789473685,0.62,0.6358974358974359,200
0.0,99,ordinal_harm_blend_50,0,0.5190839694656488,0.68,0.5887445887445888,100
0.0,99,ordinal_harm_blend_50,1,0.36904761904761907,0.31,0.33695652173913043,100
0.0,99,ordinal_harm_blend_50,2,0.42424242424242425,0.42,0.4221105527638191,100
0.0,99,ordinal_harm_blend_50,3,0.32653061224489793,0.31683168316831684,0.32160804020100503,101
0.0,99,ordinal_harm_blend_50,4,0.3434343434343434,0.33663366336633666,0.34,101
0.0,99,ordinal_harm_blend_50,5,0.5555555555555556,0.5050505050505051,0.5291005291005291,99
0.0,99,ordinal_harm_blend_50,high_grade_4_5,0.6507936507936508,0.615,0.6323907455012854,200
0.0,123,adaptive_ordinal_harm,0,0.5692307692307692,0.74,0.6434782608695652,100
0.0,123,adaptive_ordinal_harm,1,0.3883495145631068,0.39603960396039606,0.39215686274509803,101
0.0,123,adaptive_ordinal_harm,2,0.4444444444444444,0.39603960396039606,0.418848167539267,101
0.0,123,adaptive_ordinal_harm,3,0.40217391304347827,0.37,0.3854166666666667,100
0.0,123,adaptive_ordinal_harm,4,0.43243243243243246,0.48,0.4549763033175355,100
0.0,123,adaptive_ordinal_harm,5,0.68,0.5151515151515151,0.5862068965517241,99
0.0,123,adaptive_ordinal_harm,high_grade_4_5,0.6827956989247311,0.6381909547738693,0.6597402597402597,199
0.0,123,cross_site_blend_50,0,0.5492957746478874,0.78,0.6446280991735537,100
0.0,123,cross_site_blend_50,1,0.4,0.31683168316831684,0.35359116022099446,101
0.0,123,cross_site_blend_50,2,0.4318181818181818,0.37623762376237624,0.4021164021164021,101
0.0,123,cross_site_blend_50,3,0.3865546218487395,0.46,0.4200913242009132,100
0.0,123,cross_site_blend_50,4,0.45,0.36,0.4,100
0.0,123,cross_site_blend_50,5,0.6195652173913043,0.5757575757575758,0.5968586387434555,99
0.0,123,cross_site_blend_50,high_grade_4_5,0.7034883720930233,0.6080402010050251,0.6522911051212938,199
0.0,123,fedavg,0,0.6136363636363636,0.81,0.6982758620689655,100
0.0,123,fedavg,1,0.4578313253012048,0.37623762376237624,0.41304347826086957,101
0.0,123,fedavg,2,0.4725274725274725,0.42574257425742573,0.4479166666666667,101
0.0,123,fedavg,3,0.46153846153846156,0.36,0.4044943820224719,100
0.0,123,fedavg,4,0.4462809917355372,0.54,0.48868778280542985,100
0.0,123,fedavg,5,0.6041666666666666,0.5858585858585859,0.5948717948717949,99
0.0,123,fedavg,high_grade_4_5,0.6866359447004609,0.7487437185929648,0.7163461538461539,199
0.0,123,ordinal_harm_blend_50,0,0.592,0.74,0.6577777777777778,100
0.0,123,ordinal_harm_blend_50,1,0.40540540540540543,0.44554455445544555,0.42452830188679247,101
0.0,123,ordinal_harm_blend_50,2,0.46511627906976744,0.39603960396039606,0.42780748663101603,101
0.0,123,ordinal_harm_blend_50,3,0.40425531914893614,0.38,0.3917525773195876,100
0.0,123,ordinal_harm_blend_50,4,0.42342342342342343,0.47,0.44549763033175355,100
0.0,123,ordinal_harm_blend_50,5,0.7162162162162162,0.5353535353535354,0.6127167630057804,99
0.0,123,ordinal_harm_blend_50,high_grade_4_5,0.6810810810810811,0.6331658291457286,0.65625,199
0.0,2025,adaptive_ordinal_harm,0,0.54,0.801980198019802,0.6454183266932271,101
0.0,2025,adaptive_ordinal_harm,1,0.3669724770642202,0.40404040404040403,0.38461538461538464,99
0.0,2025,adaptive_ordinal_harm,2,0.4444444444444444,0.3564356435643564,0.3956043956043956,101
0.0,2025,adaptive_ordinal_harm,3,0.45901639344262296,0.27722772277227725,0.345679012345679,101
0.0,2025,adaptive_ordinal_harm,4,0.3522727272727273,0.31313131313131315,0.3315508021390374,99
0.0,2025,adaptive_ordinal_harm,5,0.49107142857142855,0.55,0.5188679245283019,100
0.0,2025,adaptive_ordinal_harm,high_grade_4_5,0.625,0.628140703517588,0.6265664160401002,199
0.0,2025,cross_site_blend_50,0,0.6,0.7722772277227723,0.6753246753246753,101
0.0,2025,cross_site_blend_50,1,0.3854166666666667,0.37373737373737376,0.37948717948717947,99
0.0,2025,cross_site_blend_50,2,0.43956043956043955,0.39603960396039606,0.4166666666666667,101
0.0,2025,cross_site_blend_50,3,0.43661971830985913,0.3069306930693069,0.36046511627906974,101
0.0,2025,cross_site_blend_50,4,0.36936936936936937,0.41414141414141414,0.3904761904761905,99
0.0,2025,cross_site_blend_50,5,0.5,0.51,0.504950495049505,100
0.0,2025,cross_site_blend_50,high_grade_4_5,0.6197183098591549,0.6633165829145728,0.6407766990291263,199
0.0,2025,fedavg,0,0.5570469798657718,0.8217821782178217,0.664,101
0.0,2025,fedavg,1,0.3595505617977528,0.32323232323232326,0.3404255319148936,99
0.0,2025,fedavg,2,0.4533333333333333,0.33663366336633666,0.38636363636363635,101
0.0,2025,fedavg,3,0.4387755102040816,0.42574257425742573,0.4321608040201005,101
0.0,2025,fedavg,4,0.3626373626373626,0.3333333333333333,0.3473684210526316,99
0.0,2025,fedavg,5,0.5050505050505051,0.5,0.5025125628140703,100
0.0,2025,fedavg,high_grade_4_5,0.631578947368421,0.6030150753768844,0.6169665809768637,199
0.0,2025,ordinal_harm_blend_50,0,0.5608108108108109,0.8217821782178217,0.6666666666666666,101
0.0,2025,ordinal_harm_blend_50,1,0.35454545454545455,0.3939393939393939,0.37320574162679426,99
0.0,2025,ordinal_harm_blend_50,2,0.4375,0.3465346534653465,0.3867403314917127,101
0.0,2025,ordinal_harm_blend_50,3,0.46774193548387094,0.2871287128712871,0.3558282208588957,101
0.0,2025,ordinal_harm_blend_50,4,0.3522727272727273,0.31313131313131315,0.3315508021390374,99
0.0,2025,ordinal_harm_blend_50,5,0.48672566371681414,0.55,0.5164319248826291,100
0.0,2025,ordinal_harm_blend_50,high_grade_4_5,0.6169154228855721,0.6231155778894473,0.62,199
0.25,7,adaptive_ordinal_harm,0,0.6422018348623854,0.693069306930693,0.6666666666666666,101
0.25,7,adaptive_ordinal_harm,1,0.4019607843137255,0.40594059405940597,0.4039408866995074,101
0.25,7,adaptive_ordinal_harm,2,0.40816326530612246,0.40404040404040403,0.40609137055837563,99
0.25,7,adaptive_ordinal_harm,3,0.5,0.37623762376237624,0.4293785310734463,101
0.25,7,adaptive_ordinal_harm,4,0.45454545454545453,0.4,0.425531914893617,100
0.25,7,adaptive_ordinal_harm,5,0.5546875,0.7171717171717171,0.6255506607929515,99
0.25,7,adaptive_ordinal_harm,high_grade_4_5,0.7129629629629629,0.7738693467336684,0.7421686746987952,199
0.25,7,cross_site_blend_50,0,0.6178861788617886,0.7524752475247525,0.6785714285714286,101
0.25,7,cross_site_blend_50,1,0.4639175257731959,0.44554455445544555,0.45454545454545453,101
0.25,7,cross_site_blend_50,2,0.45161290322580644,0.2828282828282828,0.34782608695652173,99
0.25,7,cross_site_blend_50,3,0.45544554455445546,0.45544554455445546,0.45544554455445546,101
0.25,7,cross_site_blend_50,4,0.5324675324675324,0.41,0.4632768361581921,100
0.25,7,cross_site_blend_50,5,0.5319148936170213,0.7575757575757576,0.625,99
0.25,7,cross_site_blend_50,high_grade_4_5,0.7201834862385321,0.7889447236180904,0.7529976019184652,199
0.25,7,fedavg,0,0.6016949152542372,0.7029702970297029,0.6484018264840182,101
0.25,7,fedavg,1,0.4016393442622951,0.48514851485148514,0.43946188340807174,101
0.25,7,fedavg,2,0.425531914893617,0.20202020202020202,0.273972602739726,99
0.25,7,fedavg,3,0.39814814814814814,0.42574257425742573,0.41148325358851673,101
0.25,7,fedavg,4,0.4507042253521127,0.32,0.3742690058479532,100
0.25,7,fedavg,5,0.5333333333333333,0.7272727272727273,0.6153846153846154,99
0.25,7,fedavg,high_grade_4_5,0.7135922330097088,0.7386934673366834,0.725925925925926,199
0.25,7,ordinal_harm_blend_50,0,0.6470588235294118,0.7623762376237624,0.7,101
0.25,7,ordinal_harm_blend_50,1,0.4431818181818182,0.38613861386138615,0.4126984126984127,101
0.25,7,ordinal_harm_blend_50,2,0.4166666666666667,0.40404040404040403,0.41025641025641024,99
0.25,7,ordinal_harm_blend_50,3,0.48314606741573035,0.42574257425742573,0.45263157894736844,101
0.25,7,ordinal_harm_blend_50,4,0.4819277108433735,0.4,0.4371584699453552,100
0.25,7,ordinal_harm_blend_50,5,0.5634920634920635,0.7171717171717171,0.6311111111111111,99
0.25,7,ordinal_harm_blend_50,high_grade_4_5,0.7177033492822966,0.7537688442211056,0.7352941176470589,199
0.25,42,adaptive_ordinal_harm,0,0.5220125786163522,0.8217821782178217,0.6384615384615384,101
0.25,42,adaptive_ordinal_harm,1,0.41379310344827586,0.24242424242424243,0.3057324840764331,99
0.25,42,adaptive_ordinal_harm,2,0.40963855421686746,0.3434343434343434,0.37362637362637363,99
0.25,42,adaptive_ordinal_harm,3,0.37777777777777777,0.34,0.35789473684210527,100
0.25,42,adaptive_ordinal_harm,4,0.4605263157894737,0.3465346534653465,0.3954802259887006,101
0.25,42,adaptive_ordinal_harm,5,0.5259259259259259,0.7029702970297029,0.6016949152542372,101
0.25,42,adaptive_ordinal_harm,high_grade_4_5,0.6682464454976303,0.698019801980198,0.6828087167070218,202
0.25,42,cross_site_blend_50,0,0.5652173913043478,0.7722772277227723,0.6527196652719666,101
0.25,42,cross_site_blend_50,1,0.38596491228070173,0.2222222222222222,0.28205128205128205,99
0.25,42,cross_site_blend_50,2,0.43119266055045874,0.47474747474747475,0.4519230769230769,99
0.25,42,cross_site_blend_50,3,0.4794520547945205,0.35,0.4046242774566474,100
0.25,42,cross_site_blend_50,4,0.5063291139240507,0.39603960396039606,0.4444444444444444,101
0.25,42,cross_site_blend_50,5,0.5103448275862069,0.7326732673267327,0.6016260162601627,101
0.25,42,cross_site_blend_50,high_grade_4_5,0.6651785714285714,0.7376237623762376,0.6995305164319249,202
0.25,42,fedavg,0,0.6153846153846154,0.7128712871287128,0.6605504587155964,101
0.25,42,fedavg,1,0.38461538461538464,0.45454545454545453,0.4166666666666667,99
0.25,42,fedavg,2,0.46153846153846156,0.30303030303030304,0.36585365853658536,99
0.25,42,fedavg,3,0.44285714285714284,0.31,0.36470588235294116,100
0.25,42,fedavg,4,0.45569620253164556,0.3564356435643564,0.4,101
0.25,42,fedavg,5,0.5098039215686274,0.7722772277227723,0.6141732283464567,101
0.25,42,fedavg,high_grade_4_5,0.646551724137931,0.7425742574257426,0.6912442396313364,202
0.25,42,ordinal_harm_blend_50,0,0.5253164556962026,0.8217821782178217,0.640926640926641,101
0.25,42,ordinal_harm_blend_50,1,0.4262295081967213,0.26262626262626265,0.325,99
0.25,42,ordinal_harm_blend_50,2,0.41975308641975306,0.3434343434343434,0.37777777777777777,99
0.25,42,ordinal_harm_blend_50,3,0.3956043956043956,0.36,0.3769633507853403,100
0.25,42,ordinal_harm_blend_50,4,0.4805194805194805,0.36633663366336633,0.4157303370786517,101
0.25,42,ordinal_harm_blend_50,5,0.5413533834586466,0.7128712871287128,0.6153846153846154,101
0.25,42,ordinal_harm_blend_50,high_grade_4_5,0.6714285714285714,0.698019801980198,0.6844660194174758,202
0.25,99,adaptive_ordinal_harm,0,0.5040650406504065,0.62,0.5560538116591929,100
0.25,99,adaptive_ordinal_harm,1,0.3404255319148936,0.32,0.32989690721649484,100
0.25,99,adaptive_ordinal_harm,2,0.45,0.36,0.4,100
0.25,99,adaptive_ordinal_harm,3,0.308411214953271,0.32673267326732675,0.3173076923076923,101
0.25,99,adaptive_ordinal_harm,4,0.35714285714285715,0.297029702970297,0.32432432432432434,101
0.25,99,adaptive_ordinal_harm,5,0.48672566371681414,0.5555555555555556,0.5188679245283019,99
0.25,99,adaptive_ordinal_harm,high_grade_4_5,0.6649746192893401,0.655,0.6599496221662469,200
0.25,99,cross_site_blend_50,0,0.5071428571428571,0.71,0.5916666666666667,100
0.25,99,cross_site_blend_50,1,0.3626373626373626,0.33,0.34554973821989526,100
0.25,99,cross_site_blend_50,2,0.40625,0.26,0.3170731707317073,100
0.25,99,cross_site_blend_50,3,0.308411214953271,0.32673267326732675,0.3173076923076923,101
0.25,99,cross_site_blend_50,4,0.31521739130434784,0.2871287128712871,0.3005181347150259,101
0.25,99,cross_site_blend_50,5,0.4672897196261682,0.5050505050505051,0.4854368932038835,99
0.25,99,cross_site_blend_50,high_grade_4_5,0.628140703517588,0.625,0.6265664160401002,200
0.25,99,fedavg,0,0.45121951219512196,0.74,0.5606060606060606,100
0.25,99,fedavg,1,0.4166666666666667,0.3,0.3488372093023256,100
0.25,99,fedavg,2,0.4421052631578947,0.42,0.4307692307692308,100
0.25,99,fedavg,3,0.34523809523809523,0.2871287128712871,0.31351351351351353,101
0.25,99,fedavg,4,0.29411764705882354,0.24752475247524752,0.26881720430107525,101
0.25,99,fedavg,5,0.5148514851485149,0.5252525252525253,0.52,99
0.25,99,fedavg,high_grade_4_5,0.6397849462365591,0.595,0.616580310880829,200
0.25,99,ordinal_harm_blend_50,0,0.5161290322580645,0.64,0.5714285714285714,100
0.25,99,ordinal_harm_blend_50,1,0.3626373626373626,0.33,0.34554973821989526,100
0.25,99,ordinal_harm_blend_50,2,0.4383561643835616,0.32,0.3699421965317919,100
0.25,99,ordinal_harm_blend_50,3,0.3153153153153153,0.3465346534653465,0.330188679245283,101
0.25,99,ordinal_harm_blend_50,4,0.3493975903614458,0.2871287128712871,0.31521739130434784,101
0.25,99,ordinal_harm_blend_50,5,0.4789915966386555,0.5757575757575758,0.5229357798165137,99
0.25,99,ordinal_harm_blend_50,high_grade_4_5,0.6584158415841584,0.665,0.6616915422885572,200
0.25,123,adaptive_ordinal_harm,0,0.5748031496062992,0.73,0.6431718061674009,100
0.25,123,adaptive_ordinal_harm,1,0.38738738738738737,0.42574257425742573,0.4056603773584906,101
0.25,123,adaptive_ordinal_harm,2,0.44,0.21782178217821782,0.2913907284768212,101
0.25,123,adaptive_ordinal_harm,3,0.3548387096774194,0.33,0.34196891191709844,100
0.25,123,adaptive_ordinal_harm,4,0.38596491228070173,0.44,0.411214953271028,100
0.25,123,adaptive_ordinal_harm,5,0.5471698113207547,0.5858585858585859,0.5658536585365853,99
0.25,123,adaptive_ordinal_harm,high_grade_4_5,0.6409090909090909,0.7085427135678392,0.6730310262529833,199
0.25,123,cross_site_blend_50,0,0.547945205479452,0.8,0.6504065040650406,100
0.25,123,cross_site_blend_50,1,0.39285714285714285,0.32673267326732675,0.3567567567567568,101
0.25,123,cross_site_blend_50,2,0.463768115942029,0.31683168316831684,0.3764705882352941,101
0.25,123,cross_site_blend_50,3,0.39285714285714285,0.44,0.41509433962264153,100
0.25,123,cross_site_blend_50,4,0.42857142857142855,0.36,0.391304347826087,100
0.25,123,cross_site_blend_50,5,0.5660377358490566,0.6060606060606061,0.5853658536585366,99
0.25,123,cross_site_blend_50,high_grade_4_5,0.6842105263157895,0.6532663316582915,0.6683804627249358,199
0.25,123,fedavg,0,0.539568345323741,0.75,0.6276150627615062,100
0.25,123,fedavg,1,0.4105263157894737,0.38613861386138615,0.3979591836734694,101
0.25,123,fedavg,2,0.3972602739726027,0.2871287128712871,0.3333333333333333,101
0.25,123,fedavg,3,0.36764705882352944,0.25,0.2976190476190476,100
0.25,123,fedavg,4,0.3888888888888889,0.35,0.3684210526315789,100
0.25,123,fedavg,5,0.4852941176470588,0.6666666666666666,0.5617021276595745,99
0.25,123,fedavg,high_grade_4_5,0.6238938053097345,0.7085427135678392,0.6635294117647059,199
0.25,123,ordinal_harm_blend_50,0,0.5748031496062992,0.73,0.6431718061674009,100
0.25,123,ordinal_harm_blend_50,1,0.40707964601769914,0.45544554455445546,0.42990654205607476,101
0.25,123,ordinal_harm_blend_50,2,0.4375,0.2079207920792079,0.28187919463087246,101
0.25,123,ordinal_harm_blend_50,3,0.3541666666666667,0.34,0.3469387755102041,100
0.25,123,ordinal_harm_blend_50,4,0.3893805309734513,0.44,0.4131455399061033,100
0.25,123,ordinal_harm_blend_50,5,0.5576923076923077,0.5858585858585859,0.5714285714285714,99
0.25,123,ordinal_harm_blend_50,high_grade_4_5,0.6497695852534562,0.7085427135678392,0.6778846153846154,199
0.25,2025,adaptive_ordinal_harm,0,0.5286624203821656,0.8217821782178217,0.6434108527131783,101
0.25,2025,adaptive_ordinal_harm,1,0.37894736842105264,0.36363636363636365,0.3711340206185567,99
0.25,2025,adaptive_ordinal_harm,2,0.40789473684210525,0.3069306930693069,0.3502824858757062,101
0.25,2025,adaptive_ordinal_harm,3,0.4305555555555556,0.3069306930693069,0.3583815028901734,101
0.25,2025,adaptive_ordinal_harm,4,0.3076923076923077,0.2828282828282828,0.29473684210526313,99
0.25,2025,adaptive_ordinal_harm,5,0.4818181818181818,0.53,0.5047619047619047,100
0.25,2025,adaptive_ordinal_harm,high_grade_4_5,0.6169154228855721,0.6231155778894473,0.62,199
0.25,2025,cross_site_blend_50,0,0.5882352941176471,0.7920792079207921,0.6751054852320675,101
0.25,2025,cross_site_blend_50,1,0.37362637362637363,0.3434343434343434,0.35789473684210527,99
0.25,2025,cross_site_blend_50,2,0.42391304347826086,0.38613861386138615,0.40414507772020725,101
0.25,2025,cross_site_blend_50,3,0.42528735632183906,0.36633663366336633,0.39361702127659576,101
0.25,2025,cross_site_blend_50,4,0.3253012048192771,0.2727272727272727,0.2967032967032967,99
0.25,2025,cross_site_blend_50,5,0.4642857142857143,0.52,0.49056603773584906,100
0.25,2025,cross_site_blend_50,high_grade_4_5,0.6358974358974359,0.6231155778894473,0.6294416243654822,199
0.25,2025,fedavg,0,0.532051282051282,0.8217821782178217,0.6459143968871596,101
0.25,2025,fedavg,1,0.3717948717948718,0.29292929292929293,0.327683615819209,99
0.25,2025,fedavg,2,0.39080459770114945,0.33663366336633666,0.3617021276595745,101
0.25,2025,fedavg,3,0.41935483870967744,0.38613861386138615,0.4020618556701031,101
0.25,2025,fedavg,4,0.32978723404255317,0.31313131313131315,0.32124352331606215,99
0.25,2025,fedavg,5,0.5053763440860215,0.47,0.48704663212435234,100
0.25,2025,fedavg,high_grade_4_5,0.6363636363636364,0.5979899497487438,0.616580310880829,199
0.25,2025,ordinal_harm_blend_50,0,0.5394736842105263,0.8118811881188119,0.6482213438735178,101
0.25,2025,ordinal_harm_blend_50,1,0.375,0.36363636363636365,0.36923076923076925,99
0.25,2025,ordinal_harm_blend_50,2,0.44594594594594594,0.32673267326732675,0.37714285714285717,101
0.25,2025,ordinal_harm_blend_50,3,0.4307692307692308,0.27722772277227725,0.3373493975903614,101
0.25,2025,ordinal_harm_blend_50,4,0.32038834951456313,0.3333333333333333,0.32673267326732675,99
0.25,2025,ordinal_harm_blend_50,5,0.4774774774774775,0.53,0.5023696682464455,100
0.25,2025,ordinal_harm_blend_50,high_grade_4_5,0.6121495327102804,0.6582914572864321,0.6343825665859564,199
0.35,7,adaptive_ordinal_harm,0,0.6347826086956522,0.7227722772277227,0.6759259259259259,101
0.35,7,adaptive_ordinal_harm,1,0.42391304347826086,0.38613861386138615,0.40414507772020725,101
0.35,7,adaptive_ordinal_harm,2,0.43333333333333335,0.3939393939393939,0.4126984126984127,99
0.35,7,adaptive_ordinal_harm,3,0.45121951219512196,0.36633663366336633,0.40437158469945356,101
0.35,7,adaptive_ordinal_harm,4,0.49473684210526314,0.47,0.48205128205128206,100
0.35,7,adaptive_ordinal_harm,5,0.5433070866141733,0.696969696969697,0.6106194690265486,99
0.35,7,adaptive_ordinal_harm,high_grade_4_5,0.7027027027027027,0.7839195979899497,0.7410926365795725,199
0.35,7,cross_site_blend_50,0,0.616,0.7623762376237624,0.6814159292035398,101
0.35,7,cross_site_blend_50,1,0.43478260869565216,0.49504950495049505,0.46296296296296297,101
0.35,7,cross_site_blend_50,2,0.47761194029850745,0.32323232323232326,0.3855421686746988,99
0.35,7,cross_site_blend_50,3,0.5,0.40594059405940597,0.44808743169398907,101
0.35,7,cross_site_blend_50,4,0.5285714285714286,0.37,0.43529411764705883,100
0.35,7,cross_site_blend_50,5,0.5140845070422535,0.7373737373737373,0.6058091286307054,99
0.35,7,cross_site_blend_50,high_grade_4_5,0.7216981132075472,0.7688442211055276,0.7445255474452555,199
0.35,7,fedavg,0,0.576,0.7128712871287128,0.6371681415929203,101
0.35,7,fedavg,1,0.39669421487603307,0.4752475247524752,0.43243243243243246,101
0.35,7,fedavg,2,0.46938775510204084,0.23232323232323232,0.3108108108108108,99
0.35,7,fedavg,3,0.41237113402061853,0.39603960396039606,0.40404040404040403,101
0.35,7,fedavg,4,0.4935064935064935,0.38,0.4293785310734463,100
0.35,7,fedavg,5,0.5378787878787878,0.7171717171717171,0.6147186147186147,99
0.35,7,fedavg,high_grade_4_5,0.722488038277512,0.7587939698492462,0.7401960784313726,199
0.35,7,ordinal_harm_blend_50,0,0.6460176991150443,0.7227722772277227,0.6822429906542056,101
0.35,7,ordinal_harm_blend_50,1,0.4387755102040816,0.42574257425742573,0.4321608040201005,101
0.35,7,ordinal_harm_blend_50,2,0.42528735632183906,0.37373737373737376,0.3978494623655914,99
0.35,7,ordinal_harm_blend_50,3,0.45652173913043476,0.4158415841584158,0.43523316062176165,101
0.35,7,ordinal_harm_blend_50,4,0.4888888888888889,0.44,0.4631578947368421,100
0.35,7,ordinal_harm_blend_50,5,0.5619834710743802,0.6868686868686869,0.6181818181818182,99
0.35,7,ordinal_harm_blend_50,high_grade_4_5,0.7251184834123223,0.7688442211055276,0.7463414634146341,199
0.35,42,adaptive_ordinal_harm,0,0.5364238410596026,0.801980198019802,0.6428571428571429,101
0.35,42,adaptive_ordinal_harm,1,0.42857142857142855,0.30303030303030304,0.35502958579881655,99
0.35,42,adaptive_ordinal_harm,2,0.40298507462686567,0.2727272727272727,0.3253012048192771,99
0.35,42,adaptive_ordinal_harm,3,0.358695652173913,0.33,0.34375,100
0.35,42,adaptive_ordinal_harm,4,0.463768115942029,0.31683168316831684,0.3764705882352941,101
0.35,42,adaptive_ordinal_harm,5,0.48026315789473684,0.7227722772277227,0.5770750988142292,101
0.35,42,adaptive_ordinal_harm,high_grade_4_5,0.6561085972850679,0.7178217821782178,0.6855791962174941,202
0.35,42,cross_site_blend_50,0,0.5531914893617021,0.7722772277227723,0.6446280991735537,101
0.35,42,cross_site_blend_50,1,0.4153846153846154,0.2727272727272727,0.32926829268292684,99
0.35,42,cross_site_blend_50,2,0.43956043956043955,0.40404040404040403,0.42105263157894735,99
0.35,42,cross_site_blend_50,3,0.3974358974358974,0.31,0.34831460674157305,100
0.35,42,cross_site_blend_50,4,0.4444444444444444,0.3564356435643564,0.3956043956043956,101
0.35,42,cross_site_blend_50,5,0.5103448275862069,0.7326732673267327,0.6016260162601627,101
0.35,42,cross_site_blend_50,high_grade_4_5,0.6460176991150443,0.7227722772277227,0.6822429906542056,202
0.35,42,fedavg,0,0.5714285714285714,0.7524752475247525,0.6495726495726496,101
0.35,42,fedavg,1,0.39603960396039606,0.40404040404040403,0.4,99
0.35,42,fedavg,2,0.4642857142857143,0.26262626262626265,0.33548387096774196,99
0.35,42,fedavg,3,0.37662337662337664,0.29,0.327683615819209,100
0.35,42,fedavg,4,0.4358974358974359,0.33663366336633666,0.37988826815642457,101
0.35,42,fedavg,5,0.4935897435897436,0.7623762376237624,0.5992217898832685,101
0.35,42,fedavg,high_grade_4_5,0.6324786324786325,0.7326732673267327,0.6788990825688074,202
0.35,42,ordinal_harm_blend_50,0,0.54421768707483,0.7920792079207921,0.6451612903225806,101
0.35,42,ordinal_harm_blend_50,1,0.417910447761194,0.2828282828282828,0.3373493975903614,99
0.35,42,ordinal_harm_blend_50,2,0.40540540540540543,0.30303030303030304,0.3468208092485549,99
0.35,42,ordinal_harm_blend_50,3,0.37362637362637363,0.34,0.35602094240837695,100
0.35,42,ordinal_harm_blend_50,4,0.4583333333333333,0.32673267326732675,0.3815028901734104,101
0.35,42,ordinal_harm_blend_50,5,0.49333333333333335,0.7326732673267327,0.5896414342629482,101
0.35,42,ordinal_harm_blend_50,high_grade_4_5,0.6576576576576577,0.7227722772277227,0.6886792452830188,202
0.35,99,adaptive_ordinal_harm,0,0.49606299212598426,0.63,0.5550660792951542,100
0.35,99,adaptive_ordinal_harm,1,0.4074074074074074,0.33,0.36464088397790057,100
0.35,99,adaptive_ordinal_harm,2,0.3764705882352941,0.32,0.34594594594594597,100
0.35,99,adaptive_ordinal_harm,3,0.3247863247863248,0.37623762376237624,0.3486238532110092,101
0.35,99,adaptive_ordinal_harm,4,0.3493975903614458,0.2871287128712871,0.31521739130434784,101
0.35,99,adaptive_ordinal_harm,5,0.5185185185185185,0.5656565656565656,0.5410628019323671,99
0.35,99,adaptive_ordinal_harm,high_grade_4_5,0.6649214659685864,0.635,0.649616368286445,200
0.35,99,cross_site_blend_50,0,0.49019607843137253,0.75,0.5928853754940712,100
0.35,99,cross_site_blend_50,1,0.34523809523809523,0.29,0.31521739130434784,100
0.35,99,cross_site_blend_50,2,0.4307692307692308,0.28,0.3393939393939394,100
0.35,99,cross_site_blend_50,3,0.3516483516483517,0.31683168316831684,0.3333333333333333,101
0.35,99,cross_site_blend_50,4,0.3333333333333333,0.3069306930693069,0.31958762886597936,101
0.35,99,cross_site_blend_50,5,0.46956521739130436,0.5454545454545454,0.5046728971962616,99
0.35,99,cross_site_blend_50,high_grade_4_5,0.6201923076923077,0.645,0.6323529411764706,200
0.35,99,fedavg,0,0.4444444444444444,0.72,0.549618320610687,100
0.35,99,fedavg,1,0.3870967741935484,0.36,0.37305699481865284,100
0.35,99,fedavg,2,0.41975308641975306,0.34,0.3756906077348066,100
0.35,99,fedavg,3,0.3611111111111111,0.25742574257425743,0.30057803468208094,101
0.35,99,fedavg,4,0.3023255813953488,0.25742574257425743,0.27807486631016043,101
0.35,99,fedavg,5,0.4766355140186916,0.5151515151515151,0.49514563106796117,99
0.35,99,fedavg,high_grade_4_5,0.6269430051813472,0.605,0.6157760814249363,200
0.35,99,ordinal_harm_blend_50,0,0.4918032786885246,0.6,0.5405405405405406,100
0.35,99,ordinal_harm_blend_50,1,0.38372093023255816,0.33,0.3548387096774194,100
0.35,99,ordinal_harm_blend_50,2,0.40963855421686746,0.34,0.37158469945355194,100
0.35,99,ordinal_harm_blend_50,3,0.3486238532110092,0.37623762376237624,0.3619047619047619,101
0.35,99,ordinal_harm_blend_50,4,0.35294117647058826,0.297029702970297,0.3225806451612903,101
0.35,99,ordinal_harm_blend_50,5,0.49137931034482757,0.5757575757575758,0.5302325581395348,99
0.35,99,ordinal_harm_blend_50,high_grade_4_5,0.6517412935323383,0.655,0.6533665835411472,200
0.35,123,adaptive_ordinal_harm,0,0.5639097744360902,0.75,0.6437768240343348,100
0.35,123,adaptive_ordinal_harm,1,0.39805825242718446,0.40594059405940597,0.4019607843137255,101
0.35,123,adaptive_ordinal_harm,2,0.44642857142857145,0.24752475247524752,0.3184713375796178,101
0.35,123,adaptive_ordinal_harm,3,0.3617021276595745,0.34,0.35051546391752575,100
0.35,123,adaptive_ordinal_harm,4,0.40540540540540543,0.45,0.4265402843601896,100
0.35,123,adaptive_ordinal_harm,5,0.5673076923076923,0.5959595959595959,0.5812807881773399,99
0.35,123,adaptive_ordinal_harm,high_grade_4_5,0.6465116279069767,0.6984924623115578,0.6714975845410628,199
0.35,123,cross_site_blend_50,0,0.5347222222222222,0.77,0.6311475409836066,100
0.35,123,cross_site_blend_50,1,0.38666666666666666,0.2871287128712871,0.32954545454545453,101
0.35,123,cross_site_blend_50,2,0.3974358974358974,0.3069306930693069,0.3463687150837989,101
0.35,123,cross_site_blend_50,3,0.37142857142857144,0.39,0.3804878048780488,100
0.35,123,cross_site_blend_50,4,0.4069767441860465,0.35,0.3763440860215054,100
0.35,123,cross_site_blend_50,5,0.5663716814159292,0.6464646464646465,0.6037735849056604,99
0.35,123,cross_site_blend_50,high_grade_4_5,0.6733668341708543,0.6733668341708543,0.6733668341708543,199
0.35,123,fedavg,0,0.512987012987013,0.79,0.6220472440944882,100
0.35,123,fedavg,1,0.4,0.297029702970297,0.3409090909090909,101
0.35,123,fedavg,2,0.37681159420289856,0.25742574257425743,0.3058823529411765,101
0.35,123,fedavg,3,0.3770491803278688,0.23,0.2857142857142857,100
0.35,123,fedavg,4,0.3804347826086957,0.35,0.3645833333333333,100
0.35,123,fedavg,5,0.4533333333333333,0.6868686868686869,0.5461847389558233,99
0.35,123,fedavg,high_grade_4_5,0.6157024793388429,0.7487437185929648,0.6757369614512472,199
0.35,123,ordinal_harm_blend_50,0,0.5692307692307692,0.74,0.6434782608695652,100
0.35,123,ordinal_harm_blend_50,1,0.4090909090909091,0.44554455445544555,0.4265402843601896,101
0.35,123,ordinal_harm_blend_50,2,0.45161290322580644,0.27722772277227725,0.34355828220858897,101
0.35,123,ordinal_harm_blend_50,3,0.375,0.3,0.3333333333333333,100
0.35,123,ordinal_harm_blend_50,4,0.37719298245614036,0.43,0.40186915887850466,100
0.35,123,ordinal_harm_blend_50,5,0.5428571428571428,0.5757575757575758,0.5588235294117647,99
0.35,123,ordinal_harm_blend_50,high_grade_4_5,0.639269406392694,0.7035175879396985,0.6698564593301436,199
0.35,2025,adaptive_ordinal_harm,0,0.5225806451612903,0.801980198019802,0.6328125,101
0.35,2025,adaptive_ordinal_harm,1,0.3645833333333333,0.35353535353535354,0.358974358974359,99
0.35,2025,adaptive_ordinal_harm,2,0.39473684210526316,0.297029702970297,0.3389830508474576,101
0.35,2025,adaptive_ordinal_harm,3,0.43478260869565216,0.297029702970297,0.35294117647058826,101
0.35,2025,adaptive_ordinal_harm,4,0.32954545454545453,0.29292929292929293,0.31016042780748665,99
0.35,2025,adaptive_ordinal_harm,5,0.46153846153846156,0.54,0.4976958525345622,100
0.35,2025,adaptive_ordinal_harm,high_grade_4_5,0.6195121951219512,0.6381909547738693,0.6287128712871287,199
0.35,2025,cross_site_blend_50,0,0.5648854961832062,0.7326732673267327,0.6379310344827587,101
0.35,2025,cross_site_blend_50,1,0.3626373626373626,0.3333333333333333,0.3473684210526316,99
0.35,2025,cross_site_blend_50,2,0.43956043956043955,0.39603960396039606,0.4166666666666667,101
0.35,2025,cross_site_blend_50,3,0.3956043956043956,0.3564356435643564,0.375,101
0.35,2025,cross_site_blend_50,4,0.35365853658536583,0.29292929292929293,0.32044198895027626,99
0.35,2025,cross_site_blend_50,5,0.4608695652173913,0.53,0.4930232558139535,100
0.35,2025,cross_site_blend_50,high_grade_4_5,0.6243654822335025,0.6180904522613065,0.6212121212121212,199
0.35,2025,fedavg,0,0.5496688741721855,0.8217821782178217,0.6587301587301587,101
0.35,2025,fedavg,1,0.37662337662337664,0.29292929292929293,0.32954545454545453,99
0.35,2025,fedavg,2,0.4025974025974026,0.3069306930693069,0.34831460674157305,101
0.35,2025,fedavg,3,0.38,0.37623762376237624,0.3781094527363184,101
0.35,2025,fedavg,4,0.3020833333333333,0.29292929292929293,0.29743589743589743,99
0.35,2025,fedavg,5,0.5,0.5,0.5,100
0.35,2025,fedavg,high_grade_4_5,0.6020408163265306,0.592964824120603,0.5974683544303797,199
0.35,2025,ordinal_harm_blend_50,0,0.5256410256410257,0.8118811881188119,0.6381322957198443,101
0.35,2025,ordinal_harm_blend_50,1,0.3673469387755102,0.36363636363636365,0.36548223350253806,99
0.35,2025,ordinal_harm_blend_50,2,0.4166666666666667,0.297029702970297,0.3468208092485549,101
0.35,2025,ordinal_harm_blend_50,3,0.4153846153846154,0.26732673267326734,0.3253012048192771,101
0.35,2025,ordinal_harm_blend_50,4,0.3229166666666667,0.31313131313131315,0.31794871794871793,99
0.35,2025,ordinal_harm_blend_50,5,0.4473684210526316,0.51,0.4766355140186916,100
0.35,2025,ordinal_harm_blend_50,high_grade_4_5,0.6,0.6331658291457286,0.6161369193154034,199
0.45,7,adaptive_ordinal_harm,0,0.5934959349593496,0.7227722772277227,0.6517857142857143,101
0.45,7,adaptive_ordinal_harm,1,0.39655172413793105,0.45544554455445546,0.423963133640553,101
0.45,7,adaptive_ordinal_harm,2,0.43478260869565216,0.30303030303030304,0.35714285714285715,99
0.45,7,adaptive_ordinal_harm,3,0.47058823529411764,0.39603960396039606,0.43010752688172044,101
0.45,7,adaptive_ordinal_harm,4,0.4666666666666667,0.35,0.4,100
0.45,7,adaptive_ordinal_harm,5,0.5338345864661654,0.7171717171717171,0.6120689655172413,99
0.45,7,adaptive_ordinal_harm,high_grade_4_5,0.7019230769230769,0.7336683417085427,0.7174447174447175,199
0.45,7,cross_site_blend_50,0,0.5735294117647058,0.7722772277227723,0.6582278481012658,101
0.45,7,cross_site_blend_50,1,0.4392523364485981,0.46534653465346537,0.4519230769230769,101
0.45,7,cross_site_blend_50,2,0.5087719298245614,0.29292929292929293,0.3717948717948718,99
0.45,7,cross_site_blend_50,3,0.4725274725274725,0.42574257425742573,0.4479166666666667,101
0.45,7,cross_site_blend_50,4,0.5142857142857142,0.36,0.4235294117647059,100
0.45,7,cross_site_blend_50,5,0.5142857142857142,0.7272727272727273,0.602510460251046,99
0.45,7,cross_site_blend_50,high_grade_4_5,0.7047619047619048,0.7437185929648241,0.7237163814180929,199
0.45,7,fedavg,0,0.6037735849056604,0.6336633663366337,0.6183574879227053,101
0.45,7,fedavg,1,0.3541666666666667,0.504950495049505,0.4163265306122449,101
0.45,7,fedavg,2,0.5098039215686274,0.26262626262626265,0.3466666666666667,99
0.45,7,fedavg,3,0.44776119402985076,0.297029702970297,0.35714285714285715,101
0.45,7,fedavg,4,0.4186046511627907,0.36,0.3870967741935484,100
0.45,7,fedavg,5,0.48299319727891155,0.7171717171717171,0.5772357723577236,99
0.45,7,fedavg,high_grade_4_5,0.6437768240343348,0.7537688442211056,0.6944444444444444,199
0.45,7,ordinal_harm_blend_50,0,0.578125,0.7326732673267327,0.6462882096069869,101
0.45,7,ordinal_harm_blend_50,1,0.38235294117647056,0.38613861386138615,0.3842364532019704,101
0.45,7,ordinal_harm_blend_50,2,0.4230769230769231,0.3333333333333333,0.3728813559322034,99
0.45,7,ordinal_harm_blend_50,3,0.4666666666666667,0.4158415841584158,0.4397905759162304,101
0.45,7,ordinal_harm_blend_50,4,0.4810126582278481,0.38,0.4245810055865922,100
0.45,7,ordinal_harm_blend_50,5,0.5403225806451613,0.6767676767676768,0.600896860986547,99
0.45,7,ordinal_harm_blend_50,high_grade_4_5,0.7192118226600985,0.7336683417085427,0.7263681592039801,199
0.45,42,adaptive_ordinal_harm,0,0.5531914893617021,0.7722772277227723,0.6446280991735537,101
0.45,42,adaptive_ordinal_harm,1,0.410958904109589,0.30303030303030304,0.3488372093023256,99
0.45,42,adaptive_ordinal_harm,2,0.4,0.30303030303030304,0.3448275862068966,99
0.45,42,adaptive_ordinal_harm,3,0.3764705882352941,0.32,0.34594594594594597,100
0.45,42,adaptive_ordinal_harm,4,0.41333333333333333,0.3069306930693069,0.3522727272727273,101
0.45,42,adaptive_ordinal_harm,5,0.5,0.7524752475247525,0.6007905138339921,101
0.45,42,adaptive_ordinal_harm,high_grade_4_5,0.6475770925110133,0.7277227722772277,0.6853146853146853,202
0.45,42,cross_site_blend_50,0,0.5669291338582677,0.7128712871287128,0.631578947368421,101
0.45,42,cross_site_blend_50,1,0.44047619047619047,0.37373737373737376,0.40437158469945356,99
0.45,42,cross_site_blend_50,2,0.44285714285714284,0.31313131313131315,0.3668639053254438,99
0.45,42,cross_site_blend_50,3,0.3431372549019608,0.35,0.3465346534653465,100
0.45,42,cross_site_blend_50,4,0.4430379746835443,0.3465346534653465,0.3888888888888889,101
0.45,42,cross_site_blend_50,5,0.5251798561151079,0.7227722772277227,0.6083333333333333,101
0.45,42,cross_site_blend_50,high_grade_4_5,0.6651376146788991,0.7178217821782178,0.6904761904761905,202
0.45,42,fedavg,0,0.5806451612903226,0.7128712871287128,0.64,101
0.45,42,fedavg,1,0.3888888888888889,0.42424242424242425,0.4057971014492754,99
0.45,42,fedavg,2,0.4666666666666667,0.21212121212121213,0.2916666666666667,99
0.45,42,fedavg,3,0.3522727272727273,0.31,0.32978723404255317,100
0.45,42,fedavg,4,0.3684210526315789,0.3465346534653465,0.35714285714285715,101
0.45,42,fedavg,5,0.5035460992907801,0.7029702970297029,0.5867768595041323,101
0.45,42,fedavg,high_grade_4_5,0.6186440677966102,0.7227722772277227,0.6666666666666666,202
0.45,42,ordinal_harm_blend_50,0,0.55,0.7623762376237624,0.6390041493775933,101
0.45,42,ordinal_harm_blend_50,1,0.42857142857142855,0.3333333333333333,0.375,99
0.45,42,ordinal_harm_blend_50,2,0.43283582089552236,0.29292929292929293,0.3493975903614458,99
0.45,42,ordinal_harm_blend_50,3,0.38613861386138615,0.39,0.3880597014925373,100
0.45,42,ordinal_harm_blend_50,4,0.4605263157894737,0.3465346534653465,0.3954802259887006,101
0.45,42,ordinal_harm_blend_50,5,0.5142857142857142,0.7128712871287128,0.5975103734439834,101
0.45,42,ordinal_harm_blend_50,high_grade_4_5,0.6805555555555556,0.7277227722772277,0.7033492822966507,202
0.45,99,adaptive_ordinal_harm,0,0.48905109489051096,0.67,0.5654008438818565,100
0.45,99,adaptive_ordinal_harm,1,0.3368421052631579,0.32,0.3282051282051282,100
0.45,99,adaptive_ordinal_harm,2,0.42105263157894735,0.32,0.36363636363636365,100
0.45,99,adaptive_ordinal_harm,3,0.3300970873786408,0.33663366336633666,0.3333333333333333,101
0.45,99,adaptive_ordinal_harm,4,0.3835616438356164,0.27722772277227725,0.3218390804597701,101
0.45,99,adaptive_ordinal_harm,5,0.5042735042735043,0.5959595959595959,0.5462962962962963,99
0.45,99,adaptive_ordinal_harm,high_grade_4_5,0.6736842105263158,0.64,0.6564102564102564,200
0.45,99,cross_site_blend_50,0,0.4755244755244755,0.68,0.5596707818930041,100
0.45,99,cross_site_blend_50,1,0.358695652173913,0.33,0.34375,100
0.45,99,cross_site_blend_50,2,0.4444444444444444,0.28,0.34355828220858897,100
0.45,99,cross_site_blend_50,3,0.3106796116504854,0.31683168316831684,0.3137254901960784,101
0.45,99,cross_site_blend_50,4,0.31645569620253167,0.24752475247524752,0.2777777777777778,101
0.45,99,cross_site_blend_50,5,0.45454545454545453,0.5555555555555556,0.5,99
0.45,99,cross_site_blend_50,high_grade_4_5,0.63,0.63,0.63,200
0.45,99,fedavg,0,0.45774647887323944,0.65,0.5371900826446281,100
0.45,99,fedavg,1,0.33980582524271846,0.35,0.3448275862068966,100
0.45,99,fedavg,2,0.40625,0.26,0.3170731707317073,100
0.45,99,fedavg,3,0.3146067415730337,0.27722772277227725,0.29473684210526313,101
0.45,99,fedavg,4,0.3068181818181818,0.26732673267326734,0.2857142857142857,101
0.45,99,fedavg,5,0.45217391304347826,0.5252525252525253,0.48598130841121495,99
0.45,99,fedavg,high_grade_4_5,0.6108374384236454,0.62,0.6153846153846154,200
0.45,99,ordinal_harm_blend_50,0,0.49230769230769234,0.64,0.5565217391304348,100
0.45,99,ordinal_harm_blend_50,1,0.3855421686746988,0.32,0.34972677595628415,100
0.45,99,ordinal_harm_blend_50,2,0.38961038961038963,0.3,0.3389830508474576,100
0.45,99,ordinal_harm_blend_50,3,0.2894736842105263,0.32673267326732675,0.30697674418604654,101
0.45,99,ordinal_harm_blend_50,4,0.35384615384615387,0.22772277227722773,0.27710843373493976,101
0.45,99,ordinal_harm_blend_50,5,0.45454545454545453,0.6060606060606061,0.5194805194805194,99
0.45,99,ordinal_harm_blend_50,high_grade_4_5,0.6598984771573604,0.65,0.654911838790932,200
0.45,123,adaptive_ordinal_harm,0,0.5285714285714286,0.74,0.6166666666666667,100
0.45,123,adaptive_ordinal_harm,1,0.3684210526315789,0.3465346534653465,0.35714285714285715,101
0.45,123,adaptive_ordinal_harm,2,0.43661971830985913,0.3069306930693069,0.36046511627906974,101
0.45,123,adaptive_ordinal_harm,3,0.4305555555555556,0.31,0.36046511627906974,100
0.45,123,adaptive_ordinal_harm,4,0.35294117647058826,0.36,0.3564356435643564,100
0.45,123,adaptive_ordinal_harm,5,0.49586776859504134,0.6060606060606061,0.5454545454545454,99
0.45,123,adaptive_ordinal_harm,high_grade_4_5,0.6367713004484304,0.7135678391959799,0.6729857819905213,199
0.45,123,cross_site_blend_50,0,0.49044585987261147,0.77,0.5992217898832685,100
0.45,123,cross_site_blend_50,1,0.4142857142857143,0.2871287128712871,0.3391812865497076,101
0.45,123,cross_site_blend_50,2,0.41975308641975306,0.33663366336633666,0.37362637362637363,101
0.45,123,cross_site_blend_50,3,0.36666666666666664,0.33,0.3473684210526316,100
0.45,123,cross_site_blend_50,4,0.3793103448275862,0.33,0.35294117647058826,100
0.45,123,cross_site_blend_50,5,0.5258620689655172,0.6161616161616161,0.5674418604651162,99
0.45,123,cross_site_blend_50,high_grade_4_5,0.645320197044335,0.6582914572864321,0.6517412935323383,199
0.45,123,fedavg,0,0.5208333333333334,0.75,0.6147540983606558,100
0.45,123,fedavg,1,0.4,0.3564356435643564,0.3769633507853403,101
0.45,123,fedavg,2,0.4727272727272727,0.25742574257425743,0.3333333333333333,101
0.45,123,fedavg,3,0.44680851063829785,0.21,0.2857142857142857,100
0.45,123,fedavg,4,0.3473684210526316,0.33,0.3384615384615385,100
0.45,123,fedavg,5,0.4117647058823529,0.7070707070707071,0.5204460966542751,99
0.45,123,fedavg,high_grade_4_5,0.5924528301886792,0.7889447236180904,0.6767241379310345,199
0.45,123,ordinal_harm_blend_50,0,0.5434782608695652,0.75,0.6302521008403361,100
0.45,123,ordinal_harm_blend_50,1,0.3617021276595745,0.33663366336633666,0.3487179487179487,101
0.45,123,ordinal_harm_blend_50,2,0.4520547945205479,0.32673267326732675,0.3793103448275862,101
0.45,123,ordinal_harm_blend_50,3,0.3974358974358974,0.31,0.34831460674157305,100
0.45,123,ordinal_harm_blend_50,4,0.36363636363636365,0.36,0.36180904522613067,100
0.45,123,ordinal_harm_blend_50,5,0.5042016806722689,0.6060606060606061,0.5504587155963303,99
0.45,123,ordinal_harm_blend_50,high_grade_4_5,0.6330275229357798,0.6934673366834171,0.6618705035971223,199
0.45,2025,adaptive_ordinal_harm,0,0.5472972972972973,0.801980198019802,0.6506024096385542,101
0.45,2025,adaptive_ordinal_harm,1,0.33,0.3333333333333333,0.3316582914572864,99
0.45,2025,adaptive_ordinal_harm,2,0.4189189189189189,0.3069306930693069,0.35428571428571426,101
0.45,2025,adaptive_ordinal_harm,3,0.421875,0.26732673267326734,0.32727272727272727,101
0.45,2025,adaptive_ordinal_harm,4,0.30526315789473685,0.29292929292929293,0.29896907216494845,99
0.45,2025,adaptive_ordinal_harm,5,0.44166666666666665,0.53,0.4818181818181818,100
0.45,2025,adaptive_ordinal_harm,high_grade_4_5,0.5953488372093023,0.6432160804020101,0.6183574879227053,199
0.45,2025,cross_site_blend_50,0,0.6031746031746031,0.7524752475247525,0.6696035242290749,101
0.45,2025,cross_site_blend_50,1,0.3707865168539326,0.3333333333333333,0.35106382978723405,99
0.45,2025,cross_site_blend_50,2,0.45348837209302323,0.38613861386138615,0.41711229946524064,101
0.45,2025,cross_site_blend_50,3,0.40963855421686746,0.33663366336633666,0.3695652173913043,101
0.45,2025,cross_site_blend_50,4,0.35353535353535354,0.35353535353535354,0.35353535353535354,99
0.45,2025,cross_site_blend_50,5,0.4406779661016949,0.52,0.47706422018348627,100
0.45,2025,cross_site_blend_50,high_grade_4_5,0.6221198156682027,0.678391959798995,0.6490384615384616,199
0.45,2025,fedavg,0,0.5510204081632653,0.801980198019802,0.6532258064516129,101
0.45,2025,fedavg,1,0.3979591836734694,0.3939393939393939,0.39593908629441626,99
0.45,2025,fedavg,2,0.40298507462686567,0.26732673267326734,0.32142857142857145,101
0.45,2025,fedavg,3,0.4050632911392405,0.31683168316831684,0.35555555555555557,101
0.45,2025,fedavg,4,0.3333333333333333,0.30303030303030304,0.31746031746031744,99
0.45,2025,fedavg,5,0.475,0.57,0.5181818181818182,100
0.45,2025,fedavg,high_grade_4_5,0.6142857142857143,0.6482412060301508,0.6308068459657702,199
0.45,2025,ordinal_harm_blend_50,0,0.541095890410959,0.7821782178217822,0.6396761133603239,101
0.45,2025,ordinal_harm_blend_50,1,0.3368421052631579,0.32323232323232326,0.32989690721649484,99
0.45,2025,ordinal_harm_blend_50,2,0.44,0.32673267326732675,0.375,101
0.45,2025,ordinal_harm_blend_50,3,0.4225352112676056,0.297029702970297,0.3488372093023256,101
0.45,2025,ordinal_harm_blend_50,4,0.32,0.32323232323232326,0.32160804020100503,99
0.45,2025,ordinal_harm_blend_50,5,0.47368421052631576,0.54,0.5046728971962616,100
0.45,2025,ordinal_harm_blend_50,high_grade_4_5,0.616822429906542,0.6633165829145728,0.639225181598063,199
